FIRSTNAME,LASTNAME,MLBID,ESPNID
David,Aardsma,430911,5933
Fernando,Abad,472551,30417
Cory,Abbott,676265,41328
CJ,Abrams,682928,42402
Albert,Abreu,656061,36041
Bobby,Abreu,110029,3537
Bryan,Abreu,650556,41208
Jose,Abreu,547989,33095
Tony,Abreu,473234,28777
Jeremy,Accardo,435618,6262
Alfredo,Aceves,469686,29223
Domingo,Acevedo,642758,35010
Dustin,Ackley,554429,30372
Ronald,Acuna,660670,36185
Cristhian,Adames,542436,31659
Willy,Adames,642715,33675
Austin,Adams,613534,31660
Chance,Adams,664856,36160
David,Adams,458691,30679
Lane,Adams,572669,32911
Matt,Adams,571431,31359
Mike,Adams,430606,5969
Riley,Adams,656180,
Spencer,Adams,656181,33779
Jim,Adduci,451192,30019
Jo,Adell,666176,40854
Tim,Adleman,534947,33962
Ehire,Adrianza,501303,30471
Jeremy,Affeldt,346793,5061
Dario,Agrazal,642607,39813
Jesus,Aguilar,542583,32132
Nick,Ahmed,605113,32355
Brady,Aiken,656184,34953
Shogo,Akiyama,673451,42390
Keegan,Akin,669211,36724
Andrew,Albers,452027,32754
Hanser,Alberto,593643,32839
Matt,Albers,458006,28525
Ozzie,Albies,645277,33783
Al,Alburquerque,456379,30494
Jorge,Alcala,660896,41031
Arismendy,Alcantara,570489,32823
Sandy,Alcantara,645261,35241
Sergio,Alcantara,642727,
Victor,Alcantara,622505,33784
Scott,Alexander,518397,33123
Tyler,Alexander,641302,40360
A.J.,Alexy,669935,
Jorge,Alfaro,595751,31737
Anthony,Alford,546990,32812
Kolby,Allard,663465,34980
Austin,Allen,664119,39870
Cody,Allen,592102,32188
Greg,Allen,656185,34187
Logan,Allen,663531,35024
Abraham,Almonte,501659,31474
Yency,Almonte,622075,36064
Zoilo,Almonte,501660,31469
Albert,Almora,546991,32686
Pete,Alonso,624413,37498
Yonder,Alonso,475174,30016
Dan,Altavilla,656186,35222
Aaron,Altherr,571437,31738
Jose,Altuve,514888,31662
Henderson,Alvarez,506693,31047
Jose,Alvarez,501625,32099
Jose,Alvarado,621237,36063
Pedro,Alvarez,476883,29962
Yadier,Alvarez,665751,34960
Yordan,Alvarez,670541,36018
Adbert,Alzolay,640470,39802
Alexi,Amarista,506560,30562
Hector,Ambriz,459932,29795
Brett,Anderson,474463,30041
Bryan,Anderson,457762,29697
Brian,Anderson,605119,33776
Chase,Anderson,502624,32690
Cody,Anderson,594736,33183
Drew,Anderson,623454,
Ian,Anderson,666120,40916
Justin,Anderson,605121,37611
Lars,Anderson,502249,29299
Nick,Anderson,623433,38102
Shaun,Anderson,641312,39681
Tim,Anderson,641313,33184
Tyler,Anderson,542881,32151
Robert,Andino,435180,6414
John,Andreoli,607430,32847
Matt,Andriese,542882,32549
Elvis,Andrus,462101,29515
Miguel,Andujar,609280,33743
Rick,Ankiel,150449,4159
Dean,Anna,542883,30851
Tejay,Antone,622088,42355
Norichika,Aoki,493114,32053
Mark,Appel,571446,33141
Aristides,Aquino,606157,33785
Victor,Arano,644364,36120
Jonathan,Arauz,660620,34963
Chris,Archer,502042,31003
Francisco,Arcia,516472,32437
Orlando,Arcia,606115,32530
Oswaldo,Arcia,542455,31262
Nolan,Arenado,571448,31261
J.P.,Arencibia,450317,29537
Joaquin,Arias,435078,28603
Kohei,Arihara,685503,
Rogelio,Armenteros,660494,36887
Shawn,Armstrong,542888,33499
Randy,Arozarena,668227,36488
Luis,Arraez,650333,39572
Jose,Arredondo,461766,29113
Jake,Arrieta,453562,30145
Bronson,Arroyo,276520,4416
Christian,Arroyo,624414,33185
Humberto,Arteaga,600858,33522
Cody,Asche,605125,32637
Aaron,Ashby,676879,
Alec,Asher,594742,33787
Willians,Astudillo,553902,34878
Carlos,Asuaje,641319,33892
Scott,Atchison,425786,4755
Garrett,Atkins,425548,5507
Phillippe,Aumont,518418,29501
Tyler,Austin,592122,32161
Xavier,Avery,542897,30827
Alex,Avila,488671,30115
Luis,Avilan,501593,31465
Mike,Aviles,449107,29145
Dylan,Axelrod,518420,29727
John,Axford,446099,30378
Luis,Ayala,425646,5389
Erick,Aybar,430947,6522
Akil,Baddoo,668731,40634
Burke,Badenhop,488674,29090
Harrison,Bader,664056,35062
Javier,Baez,595879,32127
Michel,Baez,673258,36102
Pedro,Baez,520980,30694
Andrew,Bailey,457732,30096
Brandon,Bailey,669064,36538
Homer,Bailey,456701,28668
Jeff,Baker,425557,5371
John,Baker,434633,29183
Scott,Baker,435044,6261
Jordan,Balazovic,666364,41190
Collin,Balester,444446,28967
Grant,Balfour,346797,4811
Anthony,Banda,607455,34542
Jett,Bandy,542908,32056
Manny,Banuelos,544365,31123
Rod,Barajas,150148,4207
Daniel,Bard,453268,30158
Luke,Bard,572703,38317
Joe,Barlow,669618,41741
Scott,Barlow,605130,32156
Clint,Barmes,425549,5798
Austin,Barnes,605131,32856
Brandon,Barnes,488681,30732
Darwin,Barney,446381,29567
Danny,Barnes,592130,32499
Jacob,Barnes,606930,34868
Matt,Barnes,598264,32147
Scott,Barnes,488683,30789
Tony,Barnette,501817,30181
Tucker,Barnhart,571466,31173
Kyle,Barraclough,607457,34830
Aaron,Barrett,502578,33005
Franklin,Barreto,620439,33226
Jake,Barrett,545332,33120
Tres,Barrera,668663,
Jaime,Barria,642545,34956
Joey,Bart,663698,41168
Jason,Bartlett,430583,6044
Daric,Barton,435558,6397
Anthony,Bass,542914,31144
Chris,Bassitt,605135,33148
Antonio,Bastardo,455374,30105
Miguel,Batista,110683,2657
Jake,Bauers,641343,35013
Trevor,Bauer,545333,32014
Jose,Bautista,430832,5890
Rafael,Bautista,622441,33510
Mike,Baxter,488689,29723
Jason,Bay,424726,5496
Shane,Baz,669358,39639
Brandon,Beachy,545404,30962
Matt,Beaty,607461,37004
Blake,Beavan,518444,31018
Chad,Beck,444447,32027
Chris,Beck,571476,32826
Josh,Beckett,277417,4242
Gordon,Beckham,493596,30117
Tim,Beckham,542921,30212
Erik,Bedard,407853,5099
David,Bednar,670280,38303
Cam,Bedrosian,592135,31716
Tyler,Beede,595881,33798
Jalen,Beeks,656222,36723
Dallas,Beeler,542923,33099
Seth,Beer,666179,41224
Matt,Belisle,279571,5829
Ronald,Belisario,430613,29680
Jeff,Beliveau,542924,32037
Chad,Bell,518445,32876
Heath,Bell,425514,6084
Cody,Bellinger,641355,33912
Josh,Bell,605137,32517
Duane,Below,502102,3132
Brandon,Belt,474832,30901
Adrian,Beltre,134181,3878
Carlos,Beltran,136860,3971
Anthony,Bemboom,621532,34102
Anthony,Bender,669622,
Andrew,Benintendi,643217,34986
Joaquin,Benoit,276542,4588
Joe,Benson,501994,30849
Christian,Bergman,548357,33270
Lance,Berkman,204020,4118
Roger,Bernadina,465668,29173
Jose,Berrios,621244,32811
Quintin,Berry,450641,30418
Jon,Berti,542932,32273
Dellin,Betances,476454,31122
Rafael,Betancourt,429783,3985
Yuniesky,Betancourt,435358,6218
Wilson,Betemit,400140,4968
Christian,Bethancourt,542194,31758
Chad,Bettis,518452,31718
Mookie,Betts,605141,33039
Joe,Biagini,607352,34882
Jeff,Bianchi,488703,31760
Austin,Bibens-Dirkx,502212,31344
Bo,Bichette,666182,38904
Phil,Bickford,641360,
Jesse,Biddle,592145,31762
Shane,Bieber,669456,40912
Brandon,Bielak,656232,41260
Cavan,Biggio,624415,37639
Chad,Billingsley,451532,6476
Greg,Bird,595885,32695
Braden,Bishop,623323,35033
Brian,Bixler,444448,29089
Ty,Blach,621389,33138
Charlie,Blackmon,453568,31084
Clayton,Blackburn,607185,32172
Nick,Blackburn,448147,28889
Paul,Blackburn,621112,32776
Ray,Black,605143,33656
Travis,Blackley,429715,6018
Vic,Black,502195,31764
Aaron,Blair,594760,33186
Casey,Blake,232694,4149
Andres,Blanco,433217,5943
Gregor,Blanco,453923,28661
Henry,Blanco,111072,3701
Alex,Blandino,607468,33851
Kyle,Blanks,452035,29724
Joe,Blanton,430599,6132
Jabari,Blash,518466,31765
J.J.,Bleday,668709,42410
Richard,Bleier,542947,33513
Jerry,Blevins,460283,28915
Willie,Bloomquist,217100,4603
Brennan,Boesch,453269,29378
Xander,Bogaerts,593428,31606
Mitchell,Boggs,459939,29152
Brian,Bogusevic,460131,30029
Alec,Bohm,664761,41169
Mike,Bolsinger,502211,32737
Jeremy,Bonderman,425827,5436
Emilio,Bonifacio,466988,28877
Jorge,Bonifacio,593528,32153
Julio,Borbon,474865,30014
Ryan,Borucki,621366,36192
J.C.,Boscan,400268,29554
David,Bote,623520,35246
Jason,Bourgeois,430652,29262
Peter,Bourjos,488721,29318
Justin,Bour,571506,31453
Michael,Bourn,456422,28535
Michael,Bowden,476601,29225
Matt,Bowman,621199,33685
Brad,Boxberger,502202,31495
Matt,Boyd,571510,34401
Blaine,Boyer,430641,6316
Brad,Brach,542960,31000
Silvino,Bracho,611093,34119
Dallas,Braden,460284,28749
Chasen,Bradford,607473,33129
Archie,Bradley,605151,32518
Bobby,Bradley,656252,33858
Jackie,Bradley Jr.,598265,32362
Milton,Bradley,150396,4245
Michael,Brantley,488726,30043
Rob,Brantly,542963,31133
Russell,Branyan,137140,3988
Ryan,Brasier,518489,30189
Steven,Brault,643230,33870
Ryan,Braun,460075,28721
John,Brebbia,605154,39085
Alex,Bregman,608324,34886
Brandon,Brennan,592165,34852
Jake,Brentz,641394,
Craig,Breslow,444520,6365
Colten,Brewer,605155,36631
Austin,Brice,592169,31722
Jose,Briceno,593993,32545
Parker,Bridwell,592170,31607
Jeff,Brigham,656257,36110
Reid,Brignac,458582,28707
Lewis,Brinson,621446,32819
Socrates,Brito,593647,32485
Zach,Britton,502154,31054
Connor,Brogdon,641401,
Aaron,Brooks,605156,33124
Michael,Brosseau,670712,40533
Rex,Brothers,571521,31083
Andrew,Brown,518500,31409
Barret,Browning,446135,30911
Domonic,Brown,502126,29673
Gary,Brown,518502,31014
Seth,Brown,664913,35676
Trevor,Brown,623143,33484
Jonathan,Broxton,455009,6370
Keon,Broxton,542979,30755
JT,Brubaker,664141,41460
Jay,Bruce,457803,28954
Jaycob,Brugman,595144,34686
Vidal,Brujan,660644,40462
Kris,Bryant,592178,33172
Kris,Bubic,663460,41201
David,Buchanan,571527,33281
Clay,Buchholz,453329,28855
Ryan,Buchter,488748,32329
John,Buck,407833,5407
Walker,Buehler,621111,39251
Mark,Buehrle,279824,4454
J.B.,Bukauskas,656266,40919
Madison,Bumgarner,518516,29949
Aaron,Bummer,607481,36131
Dylan,Bundy,605164,32094
Nick,Burdi,595897,33728
Jake,Burger,669394,39882
Enrique,Burgos,542609,34838
Greg,Burke,457566,30231
A.J.,Burnett,150359,4153
Alex,Burnett,488751,30410
Corbin,Burnes,669203,39878
Sean,Burnett,430634,5384
Billy,Burns,542993,32860
Pat,Burrell,150100,4214
Beau,Burrows,663366,35046
Jared,Burton,454537,28733
Matt,Bush,456713,30074
Drew,Butera,460077,29436
Billy,Butler,456714,6396
Eddie,Butler,572750,32831
Joey,Butler,542994,30640
Ty,Buttrey,621142,36206
Byron,Buxton,621439,32655
Tim,Byrdak,136263,3910
Marlon,Byrd,407781,5033
Asdrubal,Cabrera,452678,28671
Edward,Cabrera,665795,40944
Everth,Cabrera,465784,30155
Genesis,Cabrera,650893,41061
Mauricio,Cabrera,606291,32809
Melky,Cabrera,466320,6347
Miguel,Cabrera,408234,5544
Orlando,Cabrera,111851,3739
Trevor,Cahill,502239,30054
Lorenzo,Cain,456715,29416
Matt,Cain,430912,6202
Kole,Calhoun,594777,31413
Willie,Calhoun,641432,35238
Alberto,Callaspo,430948,28541
Johan,Camargo,622666,33741
Daz,Cameron,663662,34964
Mike,Cameron,111904,3331
Arquimedes,Caminero,491708,30979
Tony,Campana,542999,30846
Eric,Campbell,493472,31171
Shawn,Camp,425861,5930
Luis,Campusano,669134,40521
Jeimer,Candelario,600869,32531
Mark,Canha,592192,31670
Griffin,Canning,656288,41065
Robinson,Cano,429664,6204
Jorge,Cantu,408305,6033
Russ,Canzler,444453,30238
Carter,Capps,605169,32469
Matt,Capps,448165,6450
Chris,Capuano,425626,5469
Victor,Caratini,605170,33229
Adrian,Cardenas,502133,30154
Stephen,Cardullo,506924,35747
Andrew,Carignan,446398,30034
Shane,Carle,641438,33658
Dylan,Carlson,666185,39226
Roberto,Hernandez,433584,6356
Andrew,Carpenter,502165,29221
Chris,Carpenter,112020,3610
Chris,Carpenter,452764,
David,Carpenter,502304,29698
David,Carpenter,518526,31305
Matt,Carpenter,572761,31015
Ryan,Carpenter,543001,35098
Mike,Carp,455077,29660
Carlos,Carrasco,471911,28968
D.J.,Carrasco,425647,5393
Ezequiel,Carrera,485567,29008
Joel,Carreno,468528,31515
Jamey,Carroll,425206,5349
Robert,Carson,518533,31672
Chris,Carter,474892,29486
Curt,Casali,592200,32049
Triston,Casas,671213,41180
Andrew,Cashner,488768,30134
Alexi,Casilla,458210,28575
Santiago,Casilla,433586,6060
Bobby,Cassevah,445001,30806
Alex,Castellanos,543008,31372
Nick,Castellanos,592206,31187
Ryan,Castellani,624418,36143
Diego,Castillo,650895,39103
Jose,Castillo,620454,38706
Luis,Castillo,622491,35124
Rusney,Castillo,628329,33630
Welington,Castillo,456078,29564
Harold,Castro,605612,32521
Jason,Castro,488771,30178
Miguel,Castro,612434,33820
Rodolfo,Castro,666801,
Starlin,Castro,516770,30450
Willi,Castro,650489,34230
Jake,Cave,595909,33417
Dylan,Cease,656302,34943
Garin,Cecchini,594555,32124
Gavin,Cecchini,608325,32798
Brett,Cecil,446399,30296
Ronny,Cedeno,430592,6254
Xavier,Cedeno,458584,32028
Gilberto,Celestino,665482,
Juan,Centeno,518542,31443
Francisco,Cervelli,465041,29273
Yoenis,Cespedes,493316,32080
Luis,Cessa,570666,34837
Jhoulys,Chacin,468504,30147
Andrew,Chafin,605177,32810
Adron,Chambers,518545,30811
Joba,Chamberlain,501955,28847
Yu,Chang,644374,33876
Aroldis,Chapman,547973,30442
Matt,Chapman,656305,33857
J.T.,Chargois,608638,34854
Tyler,Chatwood,543022,30564
Endy,Chavez,346795,4727
Eric,Chavez,136767,3953
Jesse,Chavez,445926,29220
Michael,Chavis,656308,33823
Bruce,Chen,136600,3926
Wei-Yin,Chen,612672,32048
Robinson,Chirinos,455139,30445
Yonny,Chirinos,630023,39823
Lonnie,Chisenhall,502082,30523
Jazz,Chisholm,665862,41433
Randy,Choate,329092,4440
Michael,Choice,574831,31959
Ji-Man,Choi,596847,31779
Shin-Soo,Choo,425783,6205
Vinnie,Chulk,425562,5417
Adam,Cimber,643256,35780
Tony,Cingrani,571561,32135
Pedro,Ciriaco,465674,30084
Steve,Cishek,518553,30963
Jose,Cisnero,542585,31673
Nick,Ciuffo,624419,33187
Aaron,Civale,650644,40934
Taylor,Clarke,664199,35277
Emmanuel,Clase,661403,41743
Alex,Claudio,592222,33628
Ernie,Clement,676391,
Jeff,Clement,459943,28647
Paul,Clemens,518560,31609
Maikel,Cleto,521055,30967
Steve,Clevenger,502182,30135
Mike,Clevinger,605182,32769
Tyler,Clippard,461325,28694
Tyler,Cloyd,543031,32578
Jason,Coats,605183,33949
Alex,Cobb,502171,31086
Kyle,Cody,621129,41021
Robert,Coello,445193,30958
Chris,Coghlan,458085,29772
Phil,Coke,457435,29235
Chris,Colabello,499624,32678
A.J.,Cole,595918,31595
Gerrit,Cole,543037,32081
Dusty,Coleman,543038,31307
Louis,Coleman,488786,31115
Taylor,Cole,518566,34532
Tim,Collins,525768,30995
Tyler,Collins,607385,32136
Zack,Collins,641470,36195
Josh,Collmenter,518567,31090
Alex,Colome,517008,31255
Bartolo,Colon,112526,3602
Christian,Colon,518568,31116
Tyler,Colvin,502125,28999
Michael,Conforto,624424,33711
Hank,Conger,474233,29316
Adam,Conley,543045,32669
Jose,Constanza,468429,29367
Jose,Contreras,425747,5373
Roansy,Contreras,672710,
Willson,Contreras,575929,32532
William,Contreras,661388,39895
Aaron,Cook,346871,4762
Ryan,Cook,475857,31532
Tim,Cooney,608641,33159
David,Cooper,476036,30204
Garrett,Cooper,643265,33398
Patrick,Corbin,571578,31313
Francisco,Cordero,150188,4139
Franchy,Cordero,614173,33340
Jimmy,Cordero,622772,34850
Ryan,Cordell,641477,34689
Allen,Cordoba,642707,36085
Carlos,Corporan,449786,29412
Carlos,Correa,621043,32653
Kevin,Correia,429781,5580
Nestor,Cortes,641482,36480
Jarred,Cosart,543054,31096
Mike,Costanzo,453068,29020
Caleb,Cotham,571584,33897
Jharel,Cotton,605194,34052
Neal,Cotts,425840,5644
Daniel,Coulombe,543056,33638
Dylan,Covey,592229,33309
Kaleb,Cowart,592230,31648
Collin,Cowgill,518577,30485
Zack,Cox,543059,31016
Zack,Cozart,446359,30466
Dylan,Cozens,622226,33749
Allen,Craig,501800,30399
Jesse,Crain,430884,5905
Tyler,Cravy,572788,33824
Brandon,Crawford,543063,30469
Carl,Crawford,408307,5035
Evan,Crawford,457751,31546
J.P.,Crawford,641487,33210
Stefan,Crichton,592233,35681
Kyle,Crick,605195,32171
Coco,Crisp,424825,5299
Garrett,Crochet,676979,4297835
C.J.,Cron,543068,32155
Jake,Cronenworth,630105,36364
Kevin,Cron,605196,34090
Casey,Crosby,518582,30683
Aaron,Crow,543070,30495
Trevor,Crowe,460067,28642
Wil,Crowe,640444,
Luis,Cruz,458501,33110
Nelson,Cruz,443558,6242
Oneil,Cruz,665833,39712
Rhiner,Cruz,462480,32118
Tony,Cruz,488810,30936
Michael,Cuddyer,150212,4604
Johnny,Cueto,456501,28955
Noel,Cuevas,571595,32433
Charlie,Culberson,518586,29955
Brandon,Cumpton,592238,33086
Todd,Cunningham,592239,31227
John,Curtiss,595928,38159
Jack,Cust,400091,4609
Cheslor,Cuthbert,596144,31682
David,Dahl,621311,32698
Bobby,Dalbec,666915,39382
Johnny,Damon,113028,3323
John,Danks,433579,28508
Jordan,Danks,458668,30449
Chase,d'Arnaud,488818,30676
Travis,d'Arnaud,518595,29951
James,Darnell,543083,30552
Yu,Darvish,506433,32055
Matt,Davidson,571602,31145
Tucker,Davidson,656353,41069
Kyle,Davies,434678,6208
Zach,Davies,605200,33829
Brennen,Davis,680695,41293
Chris,Davis,448801,29170
Doug,Davis,150277,4138
Ike,Davis,477195,30532
Jaylin,Davis,664041,41627
J.D.,Davis,605204,33796
Jonathan,Davis,641505,38161
Khris,Davis,501981,31478
Rajai,Davis,434658,28545
Wade,Davis,451584,28957
Grant,Dayton,594795,32670
Yonathan,Daza,602074,34086
Austin,Dean,621573,33532
Alejandro,De Aza,457477,28728
Jaff,Decker,543094,31259
Samuel,Deduno,465679,30076
Justin,De Fratus,518603,30976
Brett,De Geus,676969,
Jacob,deGrom,594798,32796
David,DeJesus,430203,5799
Ivan,De Jesus,474443,30020
Chase,De Jong,608328,32813
Paul,DeJong,657557,35185
Steve,Delabar,447755,32026
Bryan,De La Cruz,650559,
Dane,de la Rosa,451773,30978
Rubby,de la Rosa,523989,31051
Jose,De Leon,592254,33831
Randall,Delgado,517414,31093
Nick,Delmonico,547170,32121
Enyel,De Los Santos,660853,35026
Fautino,De Los Santos,501745,29481
Enerio,Del Rosario,491688,30500
Travis,Demeritte,641513,33863
Ryan,Dempster,133225,3845
Matt,den Dekker,544925,31193
Chris,Denorfia,456121,6431
Mark,DeRosa,136660,3933
Daniel,Descalso,518614,30475
Anthony,DeSclafani,543101,33180
Delino,Deshields Jr.,592261,31360
Ian,Desmond,435622,29646
Odrisamer,Despaigne,628333,33617
Reid,Detmers,672282,
Ross,Detwiler,446321,28895
Chris,Devenski,606965,32511
Rafael,Devers,646240,33859
Cole,DeVries,453301,29434
Blake,Dewitt,455088,29083
Scott,Diamond,539438,30985
Aledmys,Diaz,649557,33390
Edwin,Diaz,621242,35394
Elias,Diaz,553869,33594
Isan,Diaz,656371,34997
Jairo,Diaz,545064,32986
Juan,Diaz,501726,32008
Jumbo,Diaz,471822,29839
Lewin,Diaz,650331,39921
Matt,Diaz,429841,5595
Yandy,Diaz,650490,33481
Yusniel,Diaz,666783,34961
Alex,Dickerson,543105,32956
Chris,Dickerson,447736,29209
Corey,Dickerson,572816,31684
R.A.,Dickey,285079,4695
Brandon,Dickson,505447,31067
Jake,Diekman,518617,32178
Derek,Dietrich,518618,31784
Wilmer,Difo,594694,33659
Tim,Dillard,457422,29140
Nick,Dini,664926,39850
Andy,Dirks,543108,31006
Brandon,Dixon,641525,33911
Greg,Dobbs,425785,6099
Randy,Dobnak,677976,42214
Rafael,Dolis,503569,30514
Matt,Dominguez,518625,29963
Seranthony,Dominguez,622554,37793
Jason,Donald,453228,29671
Josh,Donaldson,518626,29563
Sean,Doolittle,448281,30283
Octavio,Dotel,136734,3950
Felix,Doubront,467094,30066
Ryan,Doumit,425491,6304
Camilo,Doval,666808,
Darin,Downs,445153,31076
Jeter,Downs,669023,39648
Matt,Downs,453303,30111
Scott,Downs,275933,4286
Brian,Dozier,572821,31009
Hunter,Dozier,641531,33233
Kyle,Drabek,475138,29965
Oliver,Drake,543118,31615
J.D.,Drew,136770,3956
Stephen,Drew,452220,6298
Brandon,Drury,592273,32269
Mauricio,Dubon,643289,35304
Justin,Duchscherer,407113,4816
Lucas,Duda,446263,30953
Brian,Duensing,488846,28960
Tyler,Duffey,608648,33668
Danny,Duffy,518633,31114
Matt,Duffy,622110,33453
Steven,Duggar,621453,35568
Robert,Dugger,667498,39831
Zach,Duke,435043,6219
Ryan,Dull,623430,33319
Shelley,Duncan,455167,28832
Adam,Dunn,276055,4808
Dane,Dunning,641540,36080
Justin,Dunn,643290,40992
Mike,Dunn,445197,30081
Jon,Duplantier,641541,40918
Jarren,Duran,680776,41610
Chad,Durbin,239795,4210
Adam,Duvall,594807,32664
Jarrod,Dyson,502481,30461
Sam,Dyson,473879,31745
Adam,Eaton,594809,32068
David,Eckstein,275930,4625
Josh,Edgin,572831,32198
Tommy,Edman,669242,39907
Jim,Edmonds,113744,2993
Carl,Edwards,605218,33202
Zach,Eflin,621107,32804
Brett,Eibner,518649,31276
Jerad,Eickhoff,595191,33057
Scott,Elbert,455092,28689
Roenis,Elias,606273,33152
A.J.,Ellis,454560,29258
Drew,Ellis,656403,
Mark,Ellis,407885,5086
Jacoby,Ellsbury,453056,28637
Jake,Elmore,518653,32179
John,Ely,518655,30940
Edwin,Encarnacion,429665,5904
Adam,Engel,641553,34064
Barry,Enright,446264,29791
Nathan,Eovaldi,543135,31174
Cody,Eppley,543136,31078
Robbie,Erlin,572362,31791
Phil,Ervin,640447,33234
Alcides,Escobar,444876,29229
Eduardo,Escobar,500871,30272
Yunel,Escobar,488862,28662
Tom,Eshelman,664045,34977
Anderson,Espinoza,659262,34987
Danny,Espinosa,457787,30621
Paolo,Espino,502179,
Santiago,Espinal,669289,39924
Carlos,Estevez,608032,34861
Marco,Estrada,462136,29215
Thairo,Estrada,642731,36485
Andre,Ethier,444843,6481
Demarcus,Evans,663770,41742
Phillip,Evans,595943,32201
Luis,Exposito,458701,30540
Peter,Fairbanks,664126,42180
Stuart,Fairchild,656413,
Bailey,Falter,663559,
Irving,Falu,458252,30390
Jeurys,Familia,544727,31687
Jacob,Faria,607188,34871
Buck,Farmer,571656,33627
Kyle,Farmer,571657,33287
Kyle,Farnsworth,150035,4049
Danny,Farquhar,543144,30611
Eric,Farris,456544,30659
Taylor,Featherston,605227,33407
Erick,Fedde,607200,33793
Tim,Federowicz,543148,31038
Scott,Feldman,444857,6384
Pedro,Feliciano,408230,5314
Michael,Feliz,593140,33235
Neftali,Feliz,491703,30149
Caleb,Ferguson,657571,41017
Jose,Fernandez,605228,32567
Jose Miguel,Fernandez,628336,36460
J.P.,Feyereisen,656420,36011
Chuckie,Fick,518674,32041
Josh,Fields,451661,30213
Johnny,Field,608654,33569
Prince,Fielder,425902,5915
Casey,Fien,502272,29376
Mike,Fiers,571666,30773
Stephen,Fife,543155,32038
Chone,Figgins,408210,5302
Pedro,Figueroa,471896,30558
Heath,Fillmyer,641571,36077
Brandon,Finnegan,605232,33633
Kyle,Finnegan,640448,
Derek,Fisher,605233,33794
Doug,Fister,450729,30370
Jack,Flaherty,656427,33837
Ryan,Flaherty,475247,30728
Josh,Fleming,676596,42615
David,Fletcher,664058,35156
Chris,Flexen,623167,36067
Jesus,Flores,435520,28714
Ramon,Flores,570717,31617
Wilmer,Flores,527038,30627
Pedro,Florimon,465753,30310
Dylan,Floro,571670,33852
Tyler,Flowers,452095,30157
Gavin,Floyd,425856,5922
Brian,Flynn,543169,32671
Mike,Foltynewicz,592314,31819
Wilmer,Font,521655,31075
Lew,Ford,217915,5377
Mike,Ford,645801,38896
Logan,Forsythe,523253,30579
Matt,Foster,641582,40706
Dexter,Fowler,451594,29252
Dustin,Fowler,641583,34693
Lucius,Fox,665650,34990
Jake,Fraley,641584,37974
Ben,Francisco,450204,28672
Frank,Francisco,407911,5963
Jeff,Francis,433585,6038
Jeff,Francoeur,425796,6345
Juan,Francisco,464433,29601
Maikel,Franco,596748,32163
Ty,France,664034,35591
Wander,Franco,677551,40929
Kevin,Frandsen,435623,6528
Nick,Franklin,545338,30661
Ryan,Franklin,211041,4064
Jason,Frasor,430630,5938
Adam,Frazier,624428,33546
Clint,Frazier,640449,33188
Todd,Frazier,453943,30004
Kyle,Freeland,607536,33839
Freddie,Freeman,518692,30193
Mike,Freeman,502273,31209
Sam,Freeman,518693,32075
Tyler,Freeman,671289,40958
David,Freese,501896,29694
David,Freitas,571679,31697
Carlos,Frias,516910,33272
Christian,Friedrich,543184,30603
Max,Fried,608331,32685
Ernesto,Frieri,457117,29984
Jace,Fry,605240,34240
Paul,Fry,643316,33909
Brian,Fuentes,150118,4731
Josh,Fuentes,658069,34701
Reymond,Fuentes,571681,31280
Kyuji,Fujikawa,493117,32583
Kosuke,Fukudome,493120,28948
Sam,Fuld,453539,28905
Carson,Fulmer,608334,34913
Michael,Fulmer,605242,34842
Charlie,Furbush,518703,31589
Rafael,Furcal,279577,4243
Armando,Galarraga,451482,28914
Cam,Gallagher,595956,33698
Yovani,Gallardo,451596,28650
Giovanny,Gallegos,606149,36050
Zac,Gallen,668678,39910
Isaac,Galloway,543194,31560
Joey,Gallo,608336,32818
Freddy,Galvis,520471,29670
Ben,Gamel,592325,31824
Mat,Gamel,451143,29230
John,Gant,607231,34841
Adonis,Garcia,611177,33080
Adolis,Garcia,666969,35537
Anthony,Garcia,571685,31825
Aramis,Garcia,605244,33714
Avisail,Garcia,541645,30729
Bryan,Garcia,650530,37304
Christian,Garcia,451600,30080
Deivi,Garcia,665620,41218
Edgar,Garcia,658305,37582
Freddy,Garcia,150119,4007
Greg,Garcia,594824,32211
Jaime,Garcia,448802,29185
Jarlin,Garcia,606424,33843
Jose,Barrero,676480,40951
Leury,Garcia,544725,30664
Luis,Garcia,472610,33089
Luis,Garcia,671277,40459
Luis,Garcia,677651,4684365
Robel,Garcia,596825,33451
Willy,Garcia,591994,32335
Yimi,Garcia,554340,32888
Brett,Gardner,458731,29174
Jon,Garland,279782,4235
Kyle,Garlick,664247,35431
Dustin,Garneau,572863,33257
Amir,Garrett,607237,33652
Braxton,Garrett,666129,40971
Mitch,Garver,641598,33667
Matt,Garza,490063,28528
Evan,Gattis,594828,32863
Chad,Gaudin,429985,5627
Kevin,Gausman,592332,32667
Sam,Gaviglio,543208,33157
Cory,Gearrin,518715,30665
Dillon,Gee,518716,30139
Steve,Geltz,544993,31393
Scooter,Gennett,571697,31175
Craig,Gentry,502226,30267
Michael,Gerber,595222,33966
Domingo,German,593334,33660
Gonzalez,Germen,542674,33076
Chris,Getz,460051,29207
Jason,Giambi,114739,3226
Johnny,Giavotella,543213,31128
Kyle,Gibson,502043,31053
Tayron,Guerrero,594027,33654
Logan,Gilbert,669302,41221
Tyler,Gilbert,656457,
Ken,Giles,571704,32762
Conor,Gillaspie,543216,29263
Luis,Gil,661563,
Andres,Gimenez,665926,37729
Chris,Gimenez,460269,29361
Hector,Gimenez,430591,28619
Caleb,Gindl,518725,30326
Kevin,Ginkel,656464,41432
Lucas,Giolito,608337,32697
Mychal,Givens,571710,31618
Tyler,Glasnow,607192,33190
Troy,Glaus,136267,3902
Koda,Glover,606983,36009
Graham,Godfrey,453232,31592
Zack,Godley,643327,34824
Tyler,Goeddel,595963,34249
Luiz,Gohara,627894,33237
Ryan,Goins,572365,30636
Paul,Goldschmidt,502671,31027
Austin,Gomber,596295,34897
Jonny,Gomes,430404,5860
Yan,Gomes,543228,32108
Carlos,Gomez,460576,28762
Jeanmar,Gomez,491646,30525
Mauro,Gomez,450855,31550
Stephen,Gonsalves,624427,33758
Tony,Gonsolin,664062,38958
Adrian,Gonzalez,408236,5405
Alex,Gonzalez,136460,3916
Alberto,Gonzalez,471868,28876
Carlos,Gonzalez,471865,28658
Chi Chi,Gonzalez,592346,33386
Erik,Gonzalez,570481,33018
Gio,Gonzalez,461829,28962
Marwin,Gonzalez,503556,30327
Marco,Gonzales,594835,33158
Michael,Gonzalez,283166,5642
Miguel,Gonzalez,456068,29310
Miguel,A. Gonzalez,646057,33093
Severino,Gonzalez,605894,33238
Victor,Gonzalez,624647,42340
Niko,Goodrum,592348,32524
Brian,Goodwin,571718,32174
Nick,Goody,580792,32646
Alex,Gordon,460086,28636
Dee,Strange-Gordon,543829,30726
Nick,Gordon,624503,33705
MacKenzie,Gore,669022,39636
Terrance,Gore,605253,33632
Nolan,Gorman,669357,
Darin,Gorski,571719,32240
Tom,Gorzelanny,452733,6449
Anthony,Gose,543238,31048
Tuffy,Gosewisch,488912,29669
Daniel,Gossett,605254,36078
Phil,Gosselin,594838,31222
Trevor,Gott,641627,33614
Lourdes,Gurriel,666971,36040
Yulieski,Gurriel,493329,36006
Matt,Grace,594840,33641
Curtis,Granderson,434158,6125
Yasmani,Grandal,518735,30950
Zack,Granite,643335,35560
Brusdar,Graterol,660813,40965
Kendall,Graveman,608665,33636
Jon,Gray,592351,33203
Josiah,Gray,680686,41165
Sonny,Gray,543243,32082
Chad,Green,643338,33325
Conner,Greene,641632,35001
Grant,Green,502205,30430
Hunter,Greene,668881,39635
Riley,Greene,682985,42179
Shane,Greene,572888,32704
Taylor,Green,488919,29045
Tyler,Greene,460022,30027
Luke,Gregerson,502381,30276
Kevin,Gregg,276514,5641
Didi,Gregorius,544369,31376
Grayson,Greiner,606988,33693
Zack,Greinke,425844,5883
Randal,Grichuk,545341,31399
A.J.,Griffin,456167,32559
Jason,Grilli,276351,4350
Justin,Grimm,518748,31753
Trent,Grisham,663757,34995
Jason,Groome,666130,36182
Robbie,Grossman,543257,31385
Robert,Gsellman,607229,34872
Alexander,Guerrero,648717,33096
Javy,Guerra,457915,30505
Junior,Guerra,448855,34241
Matt,Guerrier,407825,5998
Taylor,Guerrieri,605260,32167
Vladimir,Guerrero,115223,3576
Vladimir,Guerrero Jr.,665489,35002
Carlos,Guillen,136722,3944
Jose,Guillen,115229,3592
Luis,Guillorme,641645,35149
Jandel,Gustave,594311,33665
Jeremy,Guthrie,425386,5370
Franklin,Gutierrez,429711,6408
Kelvin,Gutierrez,642721,36994
Vladimir,Gutierrez,661269,36092
Brandon,Guyer,446386,30708
Jesus,Guzman,461882,30108
Ronald,Guzman,608597,33241
Tony,Gwynn,448242,28516
Jedd,Gyorko,576397,31402
Eric,Haase,606992,33452
Josh,Hader,623352,32760
Travis,Hafner,400098,4752
Nick,Hagadone,444935,29992
Sam,Haggerty,664059,38347
Jesse,Hahn,534910,33108
Jerry,Hairston,150020,3966
Scott,Hairston,430668,5401
David,Hale,571735,32601
Roy,Halladay,136880,3973
Bill,Hall,407849,5311
Matt,Hall,664180,41132
Cole,Hamels,430935,6216
Billy,Hamilton,571740,31042
Josh,Hamilton,285078,4652
Jason,Hammel,434628,6480
Garrett,Hampson,641658,39899
Brad,Hand,543272,31077
Mitch,Haniger,571745,32771
Ryan,Hanigan,452672,28899
Jack,Hannahan,435219,28468
Joel,Hanrahan,430629,28715
Alec,Hansen,641662,39883
Alen,Hanson,593700,32560
Tommy,Hanson,462102,30191
Ian,Happ,664023,34945
J.A.,Happ,457918,28817
Aaron,Harang,421685,5181
Rich,Harden,425848,5588
Blaine,Hardy,543278,30815
J.J.,Hardy,429666,5908
Dan,Haren,429717,5565
Bryce,Harper,547180,30951
Ryne,Harper,607560,33333
Lucas,Harrell,449173,29937
Josh,Harrison,543281,30934
Matt,Harrison,457448,28965
Monte,Harrison,656509,33844
Will,Harris,501789,32566
Corey,Hart,430611,5973
Geoff,Hartlieb,664129,40865
Hunter,Harvey,640451,33191
Matt,Harvey,518774,31214
Adam,Haseley,656514,41082
Alexander,Hassan,572910,30770
Chris,Hatcher,501822,30648
Tom,Hatch,641672,39889
Reese,Havens,458704,30216
LaTroy,Hawkins,115629,3176
Brad,Hawpe,425547,5955
Ke'Bryan,Hayes,663647,35020
Austin,Hays,669720,36928
Jeremy,Hazelbaker,571757,30654
Chase,Headley,452104,28809
Ryon,Healy,592387,33970
Andrew,Heaney,571760,32672
Taylor,Hearn,621368,40980
Adeiny,Hechavarria,588751,31049
Austin,Hedges,595978,32168
Jeremy,Hefner,458550,30870
Jonah,Heim,641680,33842
Scott,Heineman,595981,36363
Tyler,Heineman,623168,33142
Chris,Heisey,502317,30519
Ben,Heller,621294,34699
Jeremy,Hellickson,476451,30506
Ryan,Helsley,664854,39909
Todd,Helton,115732,3709
Heath,Hembree,592390,31840
Jim,Henderson,449104,31169
Kyle,Hendricks,543294,33173
Liam,Hendriks,521230,31755
Clay,Hensley,454535,6358
Sam,Hentges,656529,41225
Guillermo,Heredia,628338,35050
Michael,Hermosillo,641684,36177
Carlos,Hernandez,672578,
Cesar,Hernandez,514917,31130
David,Hernandez,456696,30058
Darwinzon,Hernandez,650382,40502
Elieser,Hernandez,622694,39836
Enrique,Hernandez,571771,31358
Felix,Hernandez,433587,6194
Gorkys,Hernandez,491676,29550
Jonathan,Hernandez,642546,39814
Livan,Hernandez,115817,3573
Luis,Hernandez,434682,28823
Marco,Hernandez,593523,33431
Ramon,Hernandez,150421,4097
Teoscar,Hernandez,606192,33377
Yadiel,Hernandez,628450,
Yonny,Hernandez,660634,
Dilson,Herrera,599096,33091
Elian,Herrera,467070,31165
Jonathan,Herrera,468406,29119
Kelvin,Herrera,516969,32029
Odubel,Herrera,546318,32868
Rosell,Herrera,594011,33103
Chris,Herrmann,543302,31998
David,Hess,605276,34226
John,Hester,452105,29788
Chris,Heston,518790,32611
Codi,Heuer,676051,42138
Jason,Heyward,518792,29551
Aaron,Hicks,543305,31253
Brandon,Hicks,518794,29552
John,Hicks,543308,32255
Jordan,Hicks,663855,37909
Kyle,Higashioka,543309,30545
Trevor,Hildenberger,657610,35902
Aaron,Hill,431094,6190
Derek,Hill,656537,
Sam,Hilliard,656541,35831
Rich,Hill,448179,6321
Shawn,Hill,429718,5993
Steven,Hill,518799,30474
Tim,Hill,657612,37005
Dalier,Hinojosa,648737,33275
Eric,Hinske,400134,4606
Yoshihisa,Hirano,673633,39842
Keston,Hiura,669374,39879
Luke,Hochevar,460024,28643
Nico,Hoerner,663538,41219
L.J.,Hoes,543321,32090
Jeff,Hoffman,656546,33841
Trevor,Hoffman,116034,2817
Bryan,Holaday,592407,31961
Jonathan,Holder,656547,36035
Kyle,Holder,664060,35286
Derek,Holland,502706,30148
Greg,Holland,518813,30945
Matt,Holliday,407812,5940
Jordan,Holloway,656548,
Clay,Holmes,605280,32827
Grant,Holmes,656550,33840
Brock,Holt,571788,30841
Brent,Honeywell,641703,33838
J.J.,Hoover,543331,32557
Jeremy,Horst,456662,31071
Rhys,Hoskins,656555,35291
Eric,Hosmer,543333,30993
Tanner,Houck,656557,41009
Adrian,Houser,605288,32157
T.J.,House,543334,32610
Ryan,Howard,429667,6097
Ryan,Howard,664031,38979
Spencer,Howard,675921,41072
J.P.,Howell,434442,6312
Jared,Hoying,592419,31217
James,Hoyt,624586,33416
Daniel,Hudson,543339,30376
Dakota,Hudson,641712,38680
Orlando,Hudson,407861,5029
Tim,Hudson,218596,4084
Aubrey,Huff,333492,4479
David,Huff,453307,30127
Sam,Huff,669087,40798
Jared,Hughes,453172,31556
Luke,Hughes,471863,29428
Phil,Hughes,461833,28638
Danny,Hultzen,543343,32023
Philip,Humber,458950,28596
Nick,Hundley,460026,29180
Torii,Hunter,116338,3723
Tommy,Hunter,488984,29198
Drew,Hutchison,571800,31462
Jae-gyun,Hwang,666561,36152
Chris,Iannetta,455104,28561
Andy,Ibanez,628451,
Raul,Ibanez,116380,3504
Ryota,Igarashi,579799,30434
Jose,Iglesias,578428,30382
Raisel,Iglesias,628452,33618
Ender,Inciarte,542255,31327
Jonathan,India,663697,41171
Gregory,Infante,500872,30955
Omar,Infante,408299,5339
Brandon,Inge,276346,4623
Cole,Irvin,608344,39869
Kyle,Isbel,664728,
Travis,Ishikawa,448170,6509
Jason,Isringhausen,116414,3289
Hisashi,Iwakuma,547874,30965
Akinori,Iwamura,493127,28632
Maicer,Izturis,430895,6087
Alex,Jackson,656577,33707
Austin,Jackson,457706,29453
Brett,Jackson,571804,30594
Conor,Jackson,433582,6193
Edwin,Jackson,429719,5842
Jay,Jackson,543351,30705
Luke,Jackson,592426,31749
Ryan,Jackson,474249,31213
Mike,Jacobs,408312,23283
Joshua,James,657624,41128
Paul,Janish,457926,29130
Travis,Jankowski,608671,32751
Danny,Jansen,643376,35004
Kenley,Jansen,445276,29630
Casey,Janssen,445163,6526
John,Jaso,444379,29255
Cristian,Javier,664299,41261
Griffin,Jax,643377,
Jon,Jay,445055,29691
Daulton,Jefferies,641726,39434
Ryan,Jeffers,680777,41587
Jeremy,Jeffress,502026,30954
Chad,Jenkins,554432,30612
Bobby,Jenks,408057,5910
Dan,Jennings,543359,30555
Desmond,Jennings,457775,30493
Kevin,Jepsen,448178,29265
Derek,Jeter,116539,3246
A.J.,Jimenez,543362,31050
Eloy,Jimenez,650391,33867
Joe,Jimenez,641729,33760
Luis,Jimenez,499864,31970
Ubaldo,Jimenez,434622,28625
Connor,Joe,656582,35440
Brian,Johnson,598271,34400
Chris,Johnson,453400,29616
Dan,Johnson,430681,6096
Daniel,Johnson,669288,40351
Elliot,Johnson,471107,29078
Erik,Johnson,605304,32176
Jim,Johnson,462382,28531
Josh,Johnson,435178,6435
Kelly,Johnson,430637,6295
Micah,Johnson,608672,33149
Nick,Johnson,276376,4240
Pierce,Johnson,572955,32777
Reed,Johnson,407862,5452
Rob,Johnson,453531,28866
Steve,Johnson,489002,30391
Adam,Jones,430945,28513
Andruw,Jones,116662,3520
Chipper,Jones,116706,3006
Garrett,Jones,434540,28763
Jahmai,Jones,663330,34958
James,Jones,571825,30684
Jacoby,Jones,592444,34906
Nate,Jones,518858,31136
Nolan,Jones,666134,37340
Ryder,Jones,624507,34992
Taylor,Jones,622100,
Taylor,Jordan,518863,31701
Caleb,Joseph,543376,30464
Corban,Joseph,543377,31250
Tommy,Joseph,571830,31995
Matt,Joyce,459964,29124
Aaron,Judge,592450,33192
Josh,Jung,673962,42437
Taylor,Jungmann,543380,32045
Jakob,Junis,596001,36056
Ariel,Jurado,642558,35281
Jair,Jurrjens,457453,28854
Kila,Ka'aihue,451500,29248
Tommy,Kahnle,592454,31867
Ryan,Kalish,501888,30539
Jung-Ho,Kang,628356,33689
James,Kaprielian,621076,34927
James,Karinchak,675916,40715
Nate,Karns,501992,32607
Jeff,Karstens,444371,28552
Munenori,Kawasaki,493128,32047
Anthony,Kay,641743,40947
Scott,Kazmir,431148,5917
Austin,Kearns,400290,5012
Keone,Kela,605309,33497
Jarred,Kelenic,672284,41150
Brad,Keller,641745,35292
Mitch,Keller,656605,33722
Shawn,Kelley,518875,30258
Casey,Kelly,543391,30520
Carson,Kelly,608348,32797
Don,Kelly,430603,28730
Joe,Kelly,523260,31992
Merrill,Kelly,518876,32968
Michael,Kelly,547184,36156
Ty,Kelly,571841,32753
Matt,Kemp,461314,28476
Tony,Kemp,643393,34083
Jason,Kendall,116974,3401
Howie,Kendrick,435062,6524
Kyle,Kendrick,452718,28804
Adam,Kennedy,150456,4157
Brett,Kennedy,664028,39872
Ian,Kennedy,453178,28864
Max,Kepler,596146,31870
Jeff,Keppinger,433898,6076
Clayton,Kershaw,477132,28963
Dallas,Keuchel,572971,31815
Carter,Kieboom,666198,40446
Spencer,Kieboom,571851,33866
Kevin,Kiermaier,595281,31446
Yusei,Kikuchi,579328,41415
Franklyn,Kilome,642584,33836
Craig,Kimbrel,518886,30653
Ha-Seong,Kim,673490,
Hyun-soo,Kim,547957,34885
Kwang,hyun Kim,547942,42384
Isiah,Kiner-Falefa,643396,33572
Scott,Kingery,664068,35276
Nick,Kingham,592468,31874
Michael,King,650633,40429
Tyler,Kinley,641755,34166
Josh,Kinney,448337,28506
Ian,Kinsler,435079,6197
Brandon,Kintzler,445213,30959
Jason,Kipnis,543401,31007
Alex,Kirilloff,666135,40636
Alejandro,Kirk,672386,42081
Michael,Kirkman,457779,30571
Andrew,Kittredge,552640,35872
Patrick,Kivlehan,623182,33389
Branden,Kline,571858,32757
Corey,Kluber,446372,30981
Andrew,Knapp,595284,33304
Corey,Knebel,608349,33206
Andrew,Knizner,668800,36170
Matt,Koch,571863,34849
Tom,Koehler,543408,31079
Adam,Kolarek,592473,33130
Paul,Konerko,117244,3747
George,Kontos,502004,30991
Michael,Kopech,656629,33763
Bobby,Korecky,445090,29112
Casey,Kotchman,425773,5918
Mark,Kotsay,117276,3685
George,Kottaras,435459,28665
Kevin,Kouzmanoff,450260,28585
Jackson,Kowar,663804,41184
Pete,Kozma,518902,30011
Kevin,Kramer,596012,39887
Erik,Kratz,456124,29524
Dean,Kremer,665152,38295
Ian,Krol,571871,31883
Jason,Kubel,430585,6102
Kyle,Kubitza,605323,32865
Chad,Kuhl,641771,35021
Hong-Chih,Kuo,425539,6415
Hiroki,Kuroda,493133,28950
Steven,Kwan,680757,41998
John,Lackey,407793,5203
Asa,Lacy,669370,
Tyler,Ladendorf,502285,31647
Aaron,Laffey,444836,28835
Juan,Lagares,501571,31410
Bryan,LaHair,445933,28703
Brandon,Laird,477186,30623
Gerald,Laird,408042,5465
Junior,Lake,516809,30718
Travis,Lakins,664042,
Blake,Lalli,503351,30593
Ryan,LaMarre,534606,31172
Peter,Lambert,663567,39898
Jacob,Lamb,571875,32742
John,Lamb,543424,30994
Andrew,Lambo,518911,31028
Dinelson,Lamet,659275,36157
Ryan,Langerhans,407798,5109
John,Lannan,458709,28834
Matt,LaPorta,453181,29402
Trevor,Larnach,663616,41205
Adam,LaRoche,425560,5879
Tommy,La Stella,600303,32217
Mat,Latos,502009,30196
Eric,Lauer,641778,39915
Ramon,Laureano,657656,35142
Ryan,Lavarnway,543432,31039
Derek,Law,571882,33139
Casey,Lawrence,596271,35949
Brett,Lawrie,543434,30644
Brandon,League,434181,6135
Mike,Leake,502190,30465
Wade,LeBlanc,453281,29238
Jose,Leclerc,600917,33926
Sam,LeCure,459967,30171
Carlos,Lee,150324,4000
Cliff,Lee,424324,5353
Dae-Ho,Lee,493193,34926
Derrek,Lee,117601,3614
Khalil,Lee,666137,40657
Mark,Leiter,643410,36202
DJ,LeMahieu,518934,30765
Dominic,Leone,608678,33155
Sandy,Leon,506702,32101
Chris,Leroux,460092,30282
Jon,Lester,452657,28487
Colby,Lewis,407890,5067
Fred,Lewis,430930,28574
Kyle,Lewis,641786,36188
Royce,Lewis,668904,40635
Domingo,Leyba,642736,33663
Alex,Liddi,499926,29493
Brad,Lidge,400058,5102
Brent,Lillibridge,452121,28970
Ted,Lilly,150404,4062
Tim,Lincecum,453311,28705
Brad,Lincoln,453184,29953
Adam,Lind,452252,28579
Josh,Lindblom,458676,30585
Francisco,Lindor,596019,32129
Matt,Lindstrom,434637,28682
Tzu-Wei,Lin,624407,34072
Francisco,Liriano,434538,6211
Rymer,Liriano,542642,31278
Zack,Littell,641793,36052
Ben,Lively,594902,33194
Jonathan,Loaisiga,642528,39807
Jose,Lobaton,446653,29710
Kyle,Lobstein,543456,31756
Tim,Locastro,641796,35779
Jeff,Locke,502046,31068
Nick,Lodolo,666157,
Kameron,Loe,434180,6136
Boone,Logan,457429,6486
Kyle,Lohse,346798,4789
Steve,Lombardozzi,543459,31996
James,Loney,425766,6497
Evan,Longoria,446334,28639
Sammy,Long,669674,42262
Shed,Long,643418,38859
Tim,Lopes,621005,33905
Felipe,Lopez,150479,4254
Javier,Lopez,425657,5388
Jose,Lopez,430946,7392
Jorge,Lopez,605347,33833
Nicky,Lopez,670032,38106
Pablo,Lopez,641154,39671
Rafael,Lopez,607257,32647
Reynaldo,Lopez,625643,33860
Wilton,Lopez,446641,29278
Yoan,Lopez,661255,33690
Michael,Lorenzen,547179,33252
David,Lough,518953,30528
Aaron,Loup,571901,32397
Richard,Lovelady,663992,
Brandon,Lowe,664040,39961
Derek,Lowe,117955,3640
Josh,Lowe,666139,
Mark,Lowe,450275,28511
Nate,Lowe,663993,40538
Jed,Lowrie,476704,29074
Zac,Lowther,675912,40537
Joey,Lucchesi,664192,39876
Elvis,Luciano,672773,41089
Jonathan,Lucroy,518960,30456
Ryan,Ludwick,407886,5036
Cory,Luebke,458537,30580
Lucas,Luetge,476595,32030
Dawel,Lugo,608475,33195
Seth,Lugo,607625,34873
Jordan,Luplow,656669,37580
Donald,Lutz,544371,32084
Zach,Lutz,518963,30968
Gavin,Lux,666158,40423
Jesus,Luzardo,666200,39667
Jordan,Lyles,543475,31061
Daniel,Lynch,663738,
Lance,Lynn,458681,30820
Brandon,Lyon,407193,4830
Tyler,Lyons,544928,32641
Andres,Machado,600921,
Dixon,Machado,553988,31188
Manny,Machado,592518,31097
Jean,Machi,466948,29954
Vimael,Machin,605353,
Nick,Madrigal,663611,41170
Ryan,Madson,425492,5382
Kenta,Maeda,628317,34892
Matt,Magill,543483,31898
Tyler,Mahle,641816,34973
Paul,Maholm,430904,6398
Mikie,Mahtook,543484,32141
Mitch,Maier,430574,28624
Luke,Maile,571912,33271
John,Maine,429720,6041
Scott,Maine,453186,30952
Kevin,Maitan,670867,38828
Martin,Maldonado,455117,30289
Sean,Manaea,640455,33244
Trey,Mancini,641820,33351
Seth,Maness,595307,32639
Matt,Manning,666159,40920
Alek,Manoah,666201,42436
Shaun,Marcum,451788,6427
Nick,Margevicius,676606,41451
Manuel,Margot,622534,33599
Jake,Marisnick,545350,31195
Nick,Markakis,455976,6478
Carlos,Marmol,461791,28486
Jose,Marmolejos,592530,
Nick,Maronde,543488,32138
Brailyn,Marquez,666622,41182
German,Marquez,608566,34874
Jason,Marquis,150302,4409
Chris,Marrero,502029,29641
Deven,Marrero,571918,32660
Brandon,Marsh,669016,
Evan,Marshall,605359,32100
Sean,Marshall,445156,6489
Lou,Marson,453974,29241
Francis,Martes,642564,34965
Jefry,Marte,527043,31901
Ketel,Marte,606466,32512
Luis,Marte,501687,32024
Starling,Marte,516782,30830
Victor,Marte,469690,30377
Austin,Martin,668885,
Brett,Martin,656685,39815
Carlos,Martinez,593372,31340
Chris,Martin,455119,32903
Cody,Martin,592533,33135
Corbin,Martin,656686,41029
Cristhian,Martinez,450852,30362
Fernando,Martinez,494686,30141
Jason,Martin,641829,33920
J.D.,Martinez,502110,31065
Jose,Martinez,500874,31275
Leonys,Martin,547982,31588
Luis,Martinez,446208,30975
Michael,Martinez,492841,30986
Nick,Martinez,607259,33372
Nick,Martini,605361,36497
Richie,Martin,621006,34930
Russell,Martin,431145,6390
Victor,Martinez,400121,5007
Nick,Masset,434665,28505
Justin,Masterson,475416,28977
Darin,Mastroianni,518991,30807
Jorge,Mateo,622761,33832
Joe,Mather,458628,29146
Jeff,Mathis,425772,5921
Wyatt,Mathisen,621500,
Nick,Maton,665155,41284
Phil,Maton,664208,36161
Daisuke,Matsuzaka,493137,28631
Hideki,Matsui,425686,5372
Kazuo,Matsui,430565,5876
Ryan,Mattheus,458919,30350
Brian,Matusz,451085,29938
Tyler,Matzek,554431,31264
Steven,Matz,571927,33106
Joe,Mauer,408045,5378
Brandon,Maurer,543506,32595
Bruce,Maxwell,622194,33280
Justin,Maxwell,452239,28896
John,Mayberry,460055,30042
Cameron,Maybin,457727,6455
Dustin,May,669160,40937
Mike,Mayers,594577,
Jack,Mayfield,608686,36418
Jacob,May,594576,33308
Edwin,Maysonet,446474,29247
Trevor,May,543507,31263
Tim,Mayza,641835,35773
Nomar,Mazara,608577,32820
Zach,McAllister,502083,30546
Matt,McBride,473724,30794
Ryan,McBroom,643436,35273
Brian,McCann,435263,6309
James,McCann,543510,32046
Brandon,McCarthy,435221,6191
Jake,McCarthy,664983,
Kevin,McCarthy,641838,35389
Shane,McClanahan,663556,
Kyle,McClellan,449072,29076
Mike,McClendon,501873,30949
Chas,McCormick,676801,40574
Mike,McCoy,453454,30380
Lance,McCullers,621121,32764
Andrew,McCutchen,457705,28701
Darnell,McDonald,150021,4616
James,McDonald,457428,29243
John,McDonald,150348,4108
T.J.,McFarland,519008,32680
Jake,McGee,459429,28959
Casey,McGehee,431171,29245
Dustin,McGowan,430661,5919
Chris,Mcguiness,573027,30879
Reese,McGuire,624512,33250
Collin,McHugh,543521,32569
Brendan,McKay,656713,41010
Michael,McKenry,502374,30529
Ryan,McKenna,663630,
Triston,McKenzie,663474,34954
Billy,McKinney,641856,33196
Zach,McKinstry,656716,38420
Nate,McLouth,434661,6220
Ryan,McMahon,641857,33247
Jeff,McNeil,643446,33900
Kyle,McPherson,519015,31069
Austin,Meadows,640457,33197
John,Means,607644,39948
Gil,Meche,219194,4105
Tommy,Medica,523265,32882
Adonis,Medina,658431,34978
Yoervis,Medina,500721,31110
Kris,Medlen,450665,30264
Evan,Meek,457425,28934
Tylor,Megill,656731,
Adalberto,Mejia,606167,33198
Ernesto,Mejia,448171,30426
Francisco,Mejia,642336,33248
Jenrry,Mejia,516769,30541
J.C.,Mejia,650496,
Seth,Mejias-Brean,623180,32800
Mark,Melancon,453343,29446
MJ,Melendez,669004,40948
Tim,Melville,543532,31803
Yohander,Mendez,622795,34875
Danny,Mendick,664901,40393
Luis,Mendoza,434669,28906
Conner,Menez,669214,41439
Daniel,Mengden,596043,35096
Oscar,Mercado,640458,35170
Jordy,Mercer,474568,30687
Yermin,Mercedes,606213,36148
Jesus,Merchan,462810,29781
Ryan,Merritt,607320,33644
Whit,Merrifield,593160,32422
Julian,Merryweather,657240,39816
Melky,Mesa,444859,31022
Victor,Victor Mesa,673516,41134
Devin,Mesoraco,519023,29950
Alex,Meyer,543542,32173
Jake,Meyers,676694,
Max,Meyer,676974,
Keynan,Middleton,641871,36045
Will,Middlebrooks,519025,31232
Jose,Mijares,467726,29236
Miles,Mikolas,571945,32116
Aaron,Miles,425446,5795
Wade,Miley,489119,31094
Andrew,Miller,453192,28563
Brad,Miller,543543,32206
Jared,Miller,656744,36119
Jim,Miller,461848,29233
Justin,Miller,502522,31364
Lastings,Milledge,451186,6477
Owen,Miller,680911,
Shelby,Miller,571946,30738
Alec,Mills,621219,34863
Brad,Mills,502166,30201
Kevin,Millwood,119154,3687
Tommy,Milone,543548,31706
Juan,Minaya,573668,34845
Mike,Minor,501985,30624
A.J.,Minter,621345,36133
Ariel,Miranda,664641,35305
Jose,Miranda,669304,41000
Bryan,Mitchell,571951,31910
D.J.,Mitchell,543551,30673
Casey,Mize,663554,41167
Jose,Molina,150040,4169
Yadier,Molina,425877,5986
Yoan,Moncada,660162,33984
Adalberto,Mondesi,609275,32821
Mickey,Moniak,666160,36181
Frankie,Montas,593423,33249
Jesus,Montero,524968,29448
Miguel,Montero,471083,28586
Rafael,Montero,606160,32631
Jordan,Montgomery,656756,38173
Michael,Montgomery,543557,31092
Adam,Moore,446192,29491
Andrew,Moore,621058,35035
Dylan,Moore,664238,40593
Matt,Moore,519043,31099
Scott,Moore,445599,28589
Tyler,Moore,489138,30635
Franklin,Morales,462985,28675
Kendrys,Morales,434778,6188
Melvin,Mora,206551,4078
Colin,Moran,592567,33200
Adrian,Morejon,670970,40917
Brent,Morel,543569,30601
Mitch,Moreland,519048,30452
Gabriel,Moreno,672515,
Adam,Morgan,605388,32636
Eli,Morgan,669212,
Nyjer,Morgan,460579,28885
Shawn,Morimando,596049,34866
Mike,Morin,573046,32949
Justin,Morneau,408047,5379
Max,Moroff,621559,34058
Reyes,Moronta,606625,36069
Bryan,Morris,457768,30497
Logan,Morrison,489149,30536
Brandon,Morrow,453344,28734
Michael,Morse,434604,6300
Charlie,Morton,450203,29155
Guillermo,Moscoso,446861,30068
Dustin,Moseley,400291,6214
Brandon,Moss,461235,28844
Guillermo,Mota,150407,4053
Jason,Motte,435400,29256
Taylor,Motter,600301,32715
Ryan,Mountcastle,663624,34940
Mike,Moustakas,519058,29999
Gabriel,Moya,622382,38250
Steven,Moya,570615,32257
Peter,Moylan,493247,6500
Edward,Mujica,465629,28501
Kyle,Muller,666205,41041
Cedric,Mullins,656775,35578
Max,Muncy,571970,33303
Andres,Munoz,662253,40939
Yairo,Munoz,622168,33828
David,Murphy,461815,28582
Daniel,Murphy,502517,29200
John Ryan,Murphy,571974,31477
Sean,Murphy,669221,33557
Tom,Murphy,608596,33225
Joe,Musgrove,605397,34848
Ronnier,Mustelier,608589,32289
Brett,Myers,408206,5017
Wil,Myers,571976,31265
Xavier,Nady,294558,4564
Hiroyuki,Nakajima,493141,32584
Mike,Napoli,435063,28444
Tyler,Naquin,571980,32788
Omar,Narvaez,553882,34254
Chris,Narveson,429780,6215
Joe,Nathan,150274,4044
Daniel,Nava,537953,30910
Dioner,Navarro,425900,5902
Efren,Navarro,519068,30337
Josh,Naylor,647304,35066
Thomas,Neal,489166,30572
Kristopher,Negron,502117,29307
Nick,Neidert,663734,35036
Chris,Nelson,455126,30156
Jimmy,Nelson,519076,32738
Hector,Neris,593576,32377
Pat,Neshek,450212,28489
Sheldon,Neuse,641914,39666
Dovydas,Neverauskas,596720,35804
Jake,Newberry,623470,36500
Sean,Newcomb,656794,33856
Kevin,Newman,621028,35022
Gift,Ngoepe,547912,30788
Juan,Nicasio,504379,30511
Mike,Nickeas,435081,29665
Justin,Nicolino,592593,31708
Tomas,Nido,621512,36068
Jeff,Niemann,435298,6243
Jon,Niese,477003,29219
Kirk,Nieuwenhuis,543590,30218
Wil,Nieves,408242,5219
Brandon,Nimmo,607043,32159
Tsuyoshi,Nishioka,457292,30966
Jayson,Nix,434624,28951
Jacob,Nix,656798,35282
Laynce,Nix,425556,5576
Hector,Noesi,456051,30502
John,Nogowski,596056,
Aaron,Nola,605400,33709
Austin,Nola,543592,32961
Ricky,Nolasco,445060,6491
Sean,Nolin,543594,32709
Jake,Noll,669738,40474
Lars,Nootbaar,663457,
Jordan,Norberto,467099,30406
Bud,Norris,502032,30369
Daniel,Norris,596057,33199
Derek,Norris,519083,30608
Jacob,Nottingham,641924,34931
Ivan,Nova,467100,30400
Dom,Nunez,624513,33826
Eduardo,Nunez,456488,30290
Renato,Nunez,600524,32778
Vidal,Nuno,573064,32706
Bailey,Ober,641927,3107919
Scott,Oberg,623184,33256
Brett,Oberholtzer,519085,31113
Peter,O'Brien,598284,33179
Darren,O'Day,503285,29081
Jake,Odorizzi,543606,31654
Rougned,Odor,596059,32170
Eric,O'Flaherty,447714,28549
Alexi,Ogando,468396,30549
Brian,O'Grady,657434,33882
Chris,O'Grady,622217,34294
Ryan,O'Hearn,656811,35183
Seung-hwan,Oh,493200,34893
Shohei,Ohtani,660271,39832
Shohei,Ohtani,660271,39832
Steven,Okert,595345,33716
Edward,Olivares,658668,
Jared,Oliva,666931,40532
Darren,Oliver,119984,2969
Hector,Olivera,493343,34735
Lester,Oliveros,500902,30804
Miguel,Olivo,400018,5355
Matt,Olson,621566,32767
Tyler,Olson,621397,33695
Mike,Olt,592609,31218
Shawn,O'Malley,502523,30711
Logan,Ondrusek,446185,30393
Tyler,O'Neill,641933,34168
Magglio,Ordonez,120044,3728
Paulo,Orlando,449181,29357
Pete,Orr,434681,6088
Rafael,Ortega,542364,31833
David,Ortiz,120074,3748
Luis,Ortiz,656814,28589
Josh,Osich,592612,32665
Jose,Osuna,591741,33918
Roberto,Osuna,532077,32693
Corey,Oswalt,621261,39809
Roy,Oswalt,400061,4575
Dan,Otero,519096,30328
Adam,Ottavino,493603,29705
Glenn,Otto,657248,
Josh,Outman,489189,29251
Lyle,Overbay,407489,4598
Dillon,Overton,592614,33777
Johan,Oviedo,670912,
Juan,Oviedo,434663,6272
Henry,Owens,596064,33211
Chris,Owings,572008,30862
Micah,Owings,452249,28660
Marcell,Ozuna,542303,31668
Cristian,Pache,665506,39897
Jordan,Pacheco,457574,30605
Chris,Paddack,663978,35999
Vicente,Padilla,218894,4096
Angel,Pagan,434636,6488
Emilio,Pagan,641941,33403
Daniel,Palka,594953,34108
Joe,Palumbo,643478,39824
Joe,Panik,605412,32087
Thomas,Pannone,623381,39709
Jonathan,Papelbon,449097,6373
Enoli,Paredes,660600,
Isaac,Paredes,670623,39706
Jimmy,Paredes,517370,30680
Byung-ho,Park,666560,34839
Blake,Parker,453284,30517
Jarrod,Parker,519105,29806
Jarrett,Parker,592620,31499
Kyle,Parker,592621,31953
Hoy,Park,660829,
Chris,Parmelee,476633,30228
Bobby,Parnell,458730,29227
Gerardo,Parra,467827,29807
Manny,Parra,448159,28827
Wes,Parsons,641149,33284
Tyler,Pastornicky,543629,30710
Luis,Patino,672715,41176
Corey,Patterson,279913,4239
Spencer,Patton,607359,
Troy,Patton,461856,28686
David,Pauley,456102,28478
David,Paulino,600944,34846
Dorssys,Paulino,609267,32692
Felipe,Paulino,462956,28871
Ronny,Paulino,425661,5394
Ben,Paulsen,572019,31045
Xavier,Paul,449082,28985
Carl,Pavano,134321,3784
James,Paxton,572020,31980
Mark,Payton,592622,34369
James,Pazos,572021,33426
Brad,Peacock,502748,31591
Steve,Pearce,456665,28886
Nate,Pearson,663878,39646
Jake,Peavy,408241,5019
Joc,Pederson,592626,31392
Dustin,Pedroia,456030,6393
Carlos,Peguero,451713,31587
Francisco,Peguero,501317,30402
Mike,Pelfrey,460059,28507
Brayan,Pena,430910,6285
Carlos,Pena,150289,4594
Felix,Pena,570240,34920
Francisco,Pena,506747,30531
Jeremy,Pena,665161,41273
Ramiro,Pena,455369,30121
Hunter,Pence,452254,28687
Cliff,Pennington,460060,29210
Brad,Penny,207267,4115
David,Peralta,444482,33384
Freddy,Peralta,642547,39825
Jhonny,Peralta,425509,5527
Joel,Peralta,407908,6287
Wandy,Peralta,593974,36036
Wily,Peralta,503449,31140
Jose,Peraza,606299,32470
Luis,Perdomo,466412,30260
Luis,Perdomo,606131,35970
Carlos,Perez,542208,30237
Chris,Perez,453198,29134
Cionel,Perez,672335,36089
Delvin,Perez,666206,40505
Eury,Perez,516811,31286
Franklin,Perez,658530,36187
Hernan,Perez,541650,30878
Juan,Perez,448722,28605
Luis,Perez,469802,30083
Martin,Perez,527048,31098
Michael,Perez,605421,32516
Oliver,Perez,424144,5192
Roberto,Perez,547379,32265
Salvador,Perez,521692,31127
Williams,Perez,554234,33650
Cam,Perkins,573088,33507
Glen,Perkins,450282,6482
Vinnie,Pestano,502260,30964
Bryan,Petersen,519128,30240
David,Peterson,656849,40921
Dillon,Peters,596071,36169
DJ,Peters,656847,
D.J.,Peterson,592637,33208
Dustin,Peterson,640460,33292
Jace,Peterson,607054,32323
Shane,Peterson,451089,31381
Gregorio,Petit,463610,29136
Yusmeiro,Petit,433589,6470
Jake,Petricka,502593,31842
Andy,Pettitte,120485,3171
Jonathan,Pettibone,543643,31849
Tommy,Pham,502054,31208
Josh,Phegley,572033,30600
Cord,Phelps,543647,30823
David,Phelps,475479,31124
Brandon,Phillips,408252,5031
Brett,Phillips,621433,33822
Evan,Phillips,623465,
Denis,Phipps,464426,30808
Felix,Pie,429712,6475
Juan,Pierre,334393,4486
A.J.,Pierzynski,150229,3948
Kevin,Pillar,607680,32859
Brett,Pill,489209,30389
Manny,Pina,444489,30268
Chad,Pinder,640461,33771
Michael,Pineda,501381,30937
Joel,Pineiro,334492,4485
Josmil,Pinto,500887,31851
Riley,Pint,666207,36183
Jose,Pirela,517369,30817
Stephen,Piscotty,572039,32842
Nick,Pivetta,601713,36071
Kevin,Plawecki,608700,33132
Zach,Plesac,668676,42169
Trevor,Plouffe,461858,29441
Adam,Plutko,592644,34955
Colin,Poche,621363,40364
Scott,Podsednik,325392,4405
Gregory,Polanco,570256,32950
Jorge,Polanco,593871,32525
Placido,Polanco,135784,3888
A.J.,Pollock,572041,30699
Drew,Pomeranz,519141,31010
Stuart,Pomeranz,456421,29704
Dalton,Pompey,592647,32210
Daniel,Ponce de Leon,594965,34899
Rick,Porcello,519144,29966
Jorge,Posada,120691,3341
Buster,Posey,457763,30112
Cody,Poteet,547001,4728692
Brooks,Pounders,572044,34902
Boog,Powell,621471,33803
Yohel,Pozo,650968,
Martin,Prado,445988,6513
Nick,Pratto,668472,39641
Alex,Presley,502100,29683
Ryan,Pressly,519151,33072
David,Price,456034,28958
Jason,Pridie,445095,6463
Josh,Prince,572389,30660
Jurickson,Profar,595777,31117
Austin,Pruitt,643493,36061
Stephen,Pryor,543668,31922
Cesar,Puello,527049,31288
Yasiel,Puig,624577,32574
Albert,Pujols,405395,4574
A.J.,Puk,640462,36201
Nick,Punto,346857,4946
Zach,Putnam,474029,30483
J.J.,Putz,407816,5640
Kevin,Quackenbush,534812,32396
Chad,Qualls,430589,6034
Cal,Quantrill,615698,39875
Carlos,Quentin,435041,6192
Roman,Quinn,596451,32779
Humberto,Quintero,279827,5794
Jose,Quintana,500779,32106
Omar,Quintanilla,435560,6374
Ryan,Raburn,430605,6124
Tanner,Rainey,663432,38582
Cal,Raleigh,663728,
Brooks,Raley,548384,
Luke,Raley,670042,
Alexei,Ramirez,493351,28952
Aramis,Ramirez,133380,3853
Elvin,Ramirez,468517,31121
Erasmo,Ramirez,541640,31983
Hanley,Ramirez,434670,6195
Harold,Ramirez,623912,33259
J.C.,Ramirez,500724,30433
Jose,Ramirez,608070,32801
Jose,Ramirez,542432,32603
Manny,Ramirez,120903,2974
Neil,Ramirez,519166,29942
Nick,Ramirez,598286,32140
Noe,Ramirez,598287,32972
Ramon,Ramirez,430673,6503
Yefry,Ramirez,606162,36051
Yohan,Ramirez,670990,
A.J.,Ramos,573109,32104
Cesar,Ramos,459987,29734
Edubray,Ramos,591693,34876
Heliot,Ramos,671218,39642
Wilson,Ramos,467092,30173
Clay,Rapada,449060,28807
Colby,Rasmus,458675,28973
Cory,Rasmus,474284,31984
Drew,Rasmussen,656876,
Jon,Rauch,400010,4572
Rangel,Ravelo,592660,31933
Adam,Ravenelle,605435,35056
Josh,Ravin,502051,32604
Corey,Ray,641999,38716
Robbie,Ray,592662,32175
Colin,Rea,607067,33950
J.T.,Realmuto,592663,32177
Anthony,Recker,489232,29490
Josh,Reddick,502210,30195
Todd,Redmond,445170,30082
Addison,Reed,592665,31493
A.J.,Reed,607223,33674
Cody,Reed,642003,34884
Michael,Reed,605439,32260
Robert,Refsnyder,608701,33411
Sean,Reid-Foley,656887,33756
Nolan,Reimold,460099,28974
Anthony,Rendon,543685,32098
Hunter,Renfroe,592669,33205
Luis,Rengifo,650859,37237
Chris,Resop,434592,6340
Ben,Revere,519184,29976
Alex,Reyes,621052,33213
Franmil,Reyes,614177,33339
Jose,Reyes,408314,5411
Jomar,Reyes,655997,33772
Pablo,Reyes,622569,35439
Victor,Reyes,622682,35178
Bryan,Reynolds,668804,38980
Mark,Reynolds,448602,28772
Matt,Reynolds,519186,30604
Matt,Reynolds,608703,32980
Arthur,Rhodes,121125,2578
Will,Rhymes,489242,29385
Clayton,Richard,453385,29195
Garrett,Richards,572070,30892
Trevor,Richards,670950,39912
Scott,Richmond,446341,29197
Joey,Rickard,572073,32952
J.T.,Riddle,595375,33526
Andre,Rienzo,516589,31935
Austin,Riley,663586,34982
Alex,Rios,425567,5880
Edwin,Rios,621458,36645
Webster,Rivas,593590,
Emmanuel,Rivera,656896,
Felipe,Vazquez,553878,32562
Juan,Rivera,407487,4956
Mariano,Rivera,121250,3240
Rene,Rivera,425784,6128
T.J.,Rivera,608061,33467
Yadiel,Rivera,592680,31238
Anthony,Rizzo,519203,30782
Tanner,Roark,543699,31593
Brian,Roberts,406878,4773
David,Robertson,502085,29172
Daniel,Robertson,543706,30840
Daniel,Robertson,621002,33212
Luis,Robert,673357,39631
Ryan,Roberts,440251,28532
Tyler,Robertson,502356,31937
Clint,Robinson,519208,30903
Drew,Robinson,592685,31938
Kristian,Robinson,677565,
Shane,Robinson,453203,30358
Trayvon,Robinson,477054,29639
Hansel,Robles,570663,32666
Victor,Robles,645302,35042
Brendan,Rodgers,663898,35073
Richard,Rodriguez,593144,35243
Fernando,Rodney,407845,5111
Carlos,Rodon,607074,33696
Alex,Rodriguez,121347,3115
Aneury,Rodriguez,444553,30987
Dereck,Rodriguez,605446,40913
Eduardo,Rodriguez,593958,32675
Fernando,Rodriguez,451775,29326
Francisco,Rodriguez,408061,5357
Grayson,Rodriguez,680570,41196
Henry,Rodriguez,469159,30007
Henry,Rodriguez,514719,31331
Ivan,Rodriguez,121358,2523
Jefry,Rodriguez,622446,33300
Joely,Rodriguez,570257,
Julio,Rodriguez,677594,41044
Ronny,Rodriguez,500135,32131
Sean,Rodriguez,446481,29105
Paco,Rodriguez,572089,32579
Wandy,Rodriguez,434643,6286
Chaz,Roe,475054,30412
Esmil,Rogers,469134,30008
Jason,Rogers,595386,32735
Jake,Rogers,668670,39900
Mark,Rogers,449161,30064
Taylor,Rogers,573124,33671
Trevor,Rogers,669432,
Tyler,Rogers,643511,34026
Josh,Rojas,668942,40718
Jose,Rojas,670351,
Miguel,Rojas,500743,30791
Scott,Rolen,121409,3507
Jimmy,Rollins,276519,4258
Jordan,Romano,605447,
Sal,Romano,607219,34860
Enny,Romero,544836,31942
Fernando,Romero,622864,36060
Ricky,Romero,460069,30025
Stefen,Romero,552662,32204
Andrew,Romine,461865,29330
Austin,Romine,519222,29470
Sergio,Romo,489265,29168
Bruce,Rondon,541652,31943
Hector,Rondon,444468,30089
Jose,Rondon,602922,32759
Brent,Rooker,667670,40926
Jorge,de la Rosa,407822,5906
Adam,Rosales,489267,29206
Amed,Rosario,642708,33215
Eddie,Rosario,592696,31944
Wilin,Rosario,501647,30197
Daniel,Rosenbaum,572095,31711
Trevor,Rosenthal,572096,31945
Cody,Ross,425496,5404
David,Ross,424325,5206
Joe,Ross,605452,32684
Robbie,Ross,543726,32051
Tyson,Ross,475115,30099
Aaron,Rowand,400023,
Ryan,Rowland-Smith,434884,6183
Ryan,Rua,607387,33631
Darin,Ruf,573131,31470
Justin,Ruggiano,448605,28922
Carlos,Ruiz,434563,28447
Jose,Ruiz,614179,36053
Keibert,Ruiz,660688,38827
Rio,Ruiz,547004,33261
Dan,Runzler,502130,30375
Cameron,Rupp,519237,31811
Chris,Rusin,543734,31987
Addison,Russell,608365,32656
James,Russell,460701,30592
Blake,Rutherford,666164,36184
Josh,Rutledge,592710,32144
Adley,Rutschman,668939,42178
Brendan,Ryan,453895,28789
Joe,Ryan,657746,42450
Kyle,Ryan,594986,33318
Hyun-Jin,Ryu,547943,32582
Marc,Rzepczynski,519240,30366
CC,Sabathia,282332,4553
Casey,Sadler,594987,33105
Takashi,Saito,493416,6498
Tyler,Saladino,573135,31190
Fernando,Salas,477569,30650
Danny,Salazar,517593,32095
Chris,Sale,519242,30948
Jarrod,Saltalamacchia,457454,28663
Jeff,Samardzija,502188,29166
Adrian,Sampson,592716,33677
Keyvius,Sampson,572102,31932
Alex,Sanabia,502253,30941
Aaron,Sanchez,592717,31254
Adrian,Sanchez,506703,32345
Anibal,Sanchez,434671,6472
Yolmer,Sanchez,570560,32264
Eduardo,Sanchez,500674,30575
Freddy,Sanchez,408108,5315
Gaby,Sanchez,459991,29270
Gary,Sanchez,596142,31095
Hector,Sanchez,516949,30567
Jesus,Sanchez,660821,39957
Jonathan,Sanchez,456043,28472
Sixto,Sanchez,664350,36186
Tony,Sanchez,506997,30584
Pablo,Sandoval,467055,29212
Patrick,Sandoval,663776,40975
Jerry,Sands,543742,30867
Reiver,Sanmartin,665665,39799
Miguel,Sano,593934,31260
Anthony,Santander,623993,36084
Carlos,Santana,467793,30280
Danny,Santana,542454,31387
Dennis,Santana,642701,39801
Domingo,Santana,570267,31931
Edgar,Santana,650828,36197
Ervin,Santana,429722,6280
Johan,Santana,276371,4280
Hector,Santiago,502327,30744
Ramon,Santiago,421124,5178
Tony,Santillan,663574,40950
Sergio,Santos,435045,29542
Dave,Sappelt,543743,30797
Luis,Sardinas,596143,31927
Josh,Satin,543744,31297
Joe,Saunders,434578,6383
Michael,Saunders,459431,29505
Warwick,Saupold,599683,35048
Hirokazu,Sawamura,617228,2952621
Josh,Sborz,622250,
Jordan,Schafer,457788,28971
Logan,Schafer,502582,30247
Scott,Schebler,594988,33353
Tanner,Scheppers,489294,30454
Max,Scherzer,453286,28976
Nate,Schierholtz,435625,28815
Ryan,Schimpf,572114,30909
Clarke,Schmidt,657376,
Jonathan,Schoop,570731,31988
Max,Schrock,621011,36079
Skip,Schumaker,435401,6307
Kyle,Schwarber,656941,33712
Chris,Schwinden,452737,32025
Frank,Schwindel,643524,
Luke,Scott,432928,6229
Tanner,Scott,656945,35135
Evan,Scribner,519267,30970
Troy,Scribner,644428,39688
Andre,Scrubb,668687,
Marco,Scutaro,340192,5217
Corey,Seager,608369,32691
Kyle,Seager,572122,30819
Jean,Segura,516416,31037
Marcus,Semien,543760,32146
Antonio,Senzatela,622608,33750
Nick,Senzel,669222,36180
Luis,Severino,622663,33263
Pedro,Severino,600474,33299
Paul,Sewald,623149,35009
Kevin,Shackelford,594992,33112
Justin,Shafer,596101,36387
Richie,Shaffer,572128,32838
Sterling,Sharp,643532,40475
Bryan,Shaw,543766,30589
Chris,Shaw,622046,36017
Travis,Shaw,543768,32890
Ben,Sheets,282656,4571
Gavin,Sheets,657757,
Justus,Sheffield,656954,33815
Jimmie,Sherfy,642073,33410
George,Sherrill,430941,6031
James,Shields,448306,28474
Braden,Shipley,640463,33216
Matt,Shoemaker,533167,32058
Kelly,Shoppach,431159,6200
Zack,Short,670097,
Chasen,Shreve,592741,33014
J.B.,Shuck,543776,30741
Kevin,Siegrist,543779,32059
Magneuris,Sierra,642423,33814
Moises,Sierra,501213,30675
Yaisel,Sierra,666888,34840
Carlos,Silva,400067,5056
Andrelton,Simmons,592743,31728
Shae,Simmons,623406,33136
Alfredo,Simon,430580,28699
Luke,Sims,608371,32807
Brady,Singer,663903,41172
Jonathan,Singleton,572138,31206
Tony,Sipp,448609,28673
Jose,Siri,642350,33954
Chance,Sisco,642082,33217
Grady,Sizemore,429713,5882
Scott,Sizemore,502003,29388
Tyler,Skaggs,572140,31221
Kyle,Skipworth,543788,31021
Eric,Skoglund,607215,36112
Matt,Skole,605474,32632
Tarik,Skubal,669373,
Austin,Slater,596103,35265
Aaron,Slegers,642083,36179
Kevin,Slowey,458713,28692
Devin,Smeltzer,656970,41120
Burch,Smith,572143,33083
Carson,Smith,605476,32628
Caleb,Smith,592761,36081
Dominic,Smith,642086,33218
Dwight,Smith Jr.,596105,33813
Joe,Smith,501925,28729
Josh,A. Smith,595001,34719
Kevan,Smith,607345,32618
Kevin,Smith,675656,
Mallex,Smith,605480,32933
Pavin,Smith,656976,
Riley,Smith,642092,
Seth,Smith,452234,28920
Will,Smith,519293,31549
Will,Smith,669257,38309
Justin,Smoak,475253,30175
Josh,Smoker,519294,29651
Jake,Smolinski,519295,31558
Drew,Smyly,592767,31816
Cy,Sneed,605482,34966
Blake,Snell,605483,33748
Ian,Snell,430636,6072
Travis,Snider,501983,29189
Brandon,Snyder,474319,30124
Chris,Snyder,430965,6070
Eric,Sogard,519299,29732
Nick,Solak,669256,39904
Donovan,Solano,456781,29703
Yangervis,Solarte,500208,30898
Jorge,Soler,624585,32558
Ali,Solis,455378,32114
Sammy,Solis,519301,31041
Alfonso,Soriano,150093,3993
Joakim,Soria,465657,28688
Rafael,Soriano,400089,4600
Mike,Soroka,647336,34984
Edmundo,Sosa,624641,33809
Geovany,Soto,434567,6428
Gregory,Soto,642397,39804
Juan,Soto,665742,36969
Steven,Souza,519306,30632
Denard,Span,452655,29087
Cory,Spangenberg,605486,32169
Glenn,Sparkman,642098,36087
Ryan,Spilborghs,448676,6350
George,Springer,543807,32078
Jeffrey,Springs,605488,35397
Jacob,Stallings,607732,34089
Eric,Stamets,608715,32633
Craig,Stammen,489334,30361
Ryne,Stanek,592773,33301
Giancarlo,Stanton,519317,30583
Bubba,Starling,605490,32152
Brock,Stassi,595426,34891
Max,Stassi,545358,30429
Tim,Stauffer,431162,6207
Josh,Staumont,622251,
Drew,Steckenrider,608716,35867
Justin,Steele,657006,
Jackson,Stephens,623451,32736
Robert,Stephenson,596112,32134
Tyler,Stephenson,663886,34975
Andrew,Stevenson,664057,35043
Brock,Stewart,592779,35997
Chris,Stewart,455755,28577
Christin,Stewart,621514,35047
DJ,Stewart,621466,34942
Ian,Stewart,456655,28722
Kohl,Stewart,640464,33219
Josh,Stinson,502139,30614
Robert,Stock,476594,30577
Drew,Storen,519322,30534
Mickey,Storey,493547,32564
Trevor,Story,596115,32150
Bryson,Stott,681082,
Matt,Strahm,621381,34862
Dan,Straily,573185,32563
Stephen,Strasburg,544931,30373
Chris,Stratton,608717,32787
Myles,Straw,664702,39105
Huston,Street,434718,6175
Hunter,Strickland,519326,32589
Ross,Stripling,548389,32789
Marcus,Stroman,573186,32815
Pedro,Strop,467008,29763
Michael,Stutes,452741,30886
Drew,Stubbs,453211,29611
Garrett,Stubbs,596117,35760
Eric,Stults,445590,28591
Albert,Suarez,544150,31109
Andrew,Suarez,605498,35031
Eugenio,Suarez,553993,32367
Jose,Suarez,660761,40981
Ranger,Suarez,624133,39817
Jesus,Sucre,491696,31964
Wander,Suero,593833,34936
Cole,Sulser,642121,
Andrew,Susac,572180,32062
Brent,Suter,608718,36023
Ichiro,Suzuki,400085,4570
Kurt,Suzuki,435559,28802
Seiya,Suzuki,673548,
Dansby,Swanson,621020,34895
Erik,Swanson,657024,36013
Anthony,Swarzak,461872,30153
Darnell,Sweeney,572182,32908
Ryan,Sweeney,435220,28578
Blake,Swihart,596119,32123
R.J.,Swindle,449881,29177
Nick,Swisher,430897,5937
Noah,Syndergaard,592789,31730
Thomas,Szapucki,663378,40972
Matt,Szczur,519333,31337
Jose,Tabata,467798,29469
Jameson,Taillon,592791,31258
Hisanori,Takahashi,538227,30613
Mitch,Talbot,452676,28709
Masahiro,Tanaka,547888,33150
Raimel,Tapia,606132,33264
Stephen,Tarpley,605501,33737
Dillon,Tate,622253,34950
Yoshinori,Tateyama,599899,30983
Fernando,Tatis Jr.,665487,35983
Mike,Tauchman,643565,33956
Leody,Taveras,665750,34951
Oscar,Taveras,570805,31207
Andrew,Taylor,476531,30568
Beau,Taylor,607333,32676
Chris,Taylor,621035,32900
Josh,Taylor,657031,36173
Michael,Taylor,572191,32219
Tyrone,Taylor,621438,
Junichi,Tazawa,547749,30095
Taylor,Teagarden,460003,29191
Mark,Teahen,433597,6011
Julio,Teheran,527054,31091
Mark,Teixeira,407893,4937
Miguel,Tejada,123173,3727
Ruben,Tejada,514913,29661
Anderson,Tejeda,660731,37819
Blake,Tekotte,493574,30842
Tomas,Telis,542513,33065
Rowdy,Tellez,642133,34287
Ryan,Tepera,572193,32107
Nick,Tepesch,519344,32700
Curtis,Terry,663799,
Matt,Thaiss,642136,36176
Eric,Thames,519346,30709
Joe,Thatcher,491159,28836
Dale,Thayer,445612,29817
Ryan,Theriot,444135,6437
Caleb,Thielbar,573204,32440
Josh,Thole,489365,30188
Alek,Thomas,677950,41215
Justin,Thomas,476206,29244
Lane,Thomas,657041,36409
Jim,Thome,123272,2604
Jake,Thompson,622097,32832
Keegan,Thompson,624522,
Ryan,Thompson,657044,38628
Trayce,Thompson,572204,30743
Zach,Thompson,605507,
Matt,Thornton,407819,5650
Trent,Thornton,663423,36728
Tyler,Thornburg,592804,31887
Lewis,Thorpe,626929,33265
Chris,Tillman,501957,30285
Charlie,Tilson,605508,32866
Jesus,Tinoco,622786,39822
Carlos,Tocci,624636,33221
Andrew,Toles,592808,33222
Shawn,Tolleson,474521,31886
Steve,Tolleson,476270,29437
Yasmany,Tomas,630111,33662
Ka'ai,Tom,664789,37342
Josh,Tomlin,458708,30944
Kelby,Tomlinson,605509,33394
Spencer,Torkelson,679529,
Abraham,Toro,647351,40754
Alex,Torres,456776,31125
Andres,Torres,400083,5089
Carlos,Torres,448614,29347
Gleyber,Torres,650402,33804
Jose,Torres,600526,34847
Luis,Torrens,620443,33805
Ronald,Torreyes,591720,31200
Yorvit,Torrealba,150275,4568
Touki,Toussaint,657053,33790
Wilfredo,Tovar,541600,32190
Chad,Tracy,429710,5402
Taylor,Trammell,666211,37773
Devon,Travis,581527,32938
Sam,Travis,607752,33853
Blake,Treinen,595014,32185
Jose,Trevino,624431,35268
Andrew,Triggs,592811,33589
Carlos,Triunfel,508892,29503
Lou,Trivino,642152,35844
Chadwick,Tromp,644433,35358
Nicholas,Tropeano,607374,33170
Mike,Trout,545361,30836
Mark,Trumbo,444432,29322
Yoshitomo,Tsutsugo,660294,
Cole,Tucker,657061,33789
Kyle,Tucker,663656,34967
Preston,Tucker,605512,33066
Sam,Tuivailala,592815,33368
Troy,Tulowitzki,453064,28567
Spencer,Turnbull,605513,33732
Jacob,Turner,545363,30526
Justin,Turner,457759,29607
Trea,Turner,607208,33710
Koji,Uehara,493157,30130
Dan,Uggla,462564,6462
Melvin,Upton,425834,5970
Justin,Upton,457708,28841
Jose,Urena,570632,33107
Richard,Urena,620446,33788
Julio,Urias,628711,33223
Luis,Urias,649966,35383
Ramon,Urias,602104,
Juan,Uribe,346874,4657
Jose,Urquidy,664353,35759
Henry,Urrutia,625329,33090
Giovanny,Urshela,570482,32721
Chase,Utley,400284,5383
Pat,Valaika,642162,33364
Luis,Valbuena,472528,29246
Cesar,Valdez,491624,
Framber,Valdez,664285,36581
Jose,Valdez,451990,29468
Jordany,Valdespin,518170,30907
Phillips,Valdez,570488,
Raul,Valdes,447744,30889
Wilson,Valdez,407832,6089
Danny,Valencia,502143,29439
Breyvic,Valera,591971,33367
Jose,Valverde,407878,5504
Rick,VandenHurk,462995,28738
Josh,VanMeter,642165,33336
Scott,Van Slyke,475100,30714
Cesar,Vargas,570714,33877
Ildemaro,Vargas,545121,32985
Jason,Vargas,450306,6352
Kennys,Vargas,573627,33012
Daulton,Varsho,662139,40963
Anthony,Varvaro,460008,30386
Esmerling,Vasquez,458220,29996
Andrew,Vaughn,683734,
Christian,Vazquez,543877,31389
Javier,Vazquez,134320,3786
Vincent,Velasquez,592826,31878
Andrew,Velazquez,623205,35247
Hector,Velazquez,584171,36191
Will,Venable,461416,29224
Jonny,Venters,458924,30509
Yordano,Ventura,570649,31876
Jose,Veras,407842,28498
Alex,Verdugo,657077,33786
Drew,VerHagen,572403,33121
Justin,Verlander,434378,6341
Logan,Verrett,548337,33131
Alex,Vesia,681911,
Dayan,Viciedo,493364,30103
Shane,Victorino,425664,5409
Thyago,Vieira,600986,36048
Matt,Vierling,663837,41636
Brayan,Villarreal,500903,31131
Carlos,Villanueva,453646,28466
Christian,Villanueva,570799,31873
Jonathan,Villar,542340,31973
Meibrys,Viloria,650619,39810
Nick,Vincent,543883,31540
Josh,Vitters,519388,29978
Arodys,Vizcaino,527055,31087
Omar,Vizquel,123744,2149
Dan,Vogelbach,596129,32851
Ryan,Vogelsong,285064,4514
Stephen,Vogt,519390,31032
Luke,Voit,572228,35201
Edinson,Volquez,450172,6401
Chris,Volstad,458690,28874
Jason,Vosler,613564,
Austin,Voth,608723,35044
Joey,Votto,458015,28670
Michael,Wacha,608379,32640
Tsuyoshi,Wada,493159,32042
Cory,Wade,460677,29110
LaMonte,Wade,664774,37798
Tyler,Wade,642180,33878
Billy,Wagner,123790,3375
Jacob,Waguespack,621097,37726
Bobby,Wahl,592833,33207
Adam,Wainwright,425794,5403
Jordan,Walden,477229,29323
Marcus,Walden,519393,33171
Kyle,Waldrop,448252,31183
Christian,Walker,572233,32758
Neil,Walker,435522,29590
Taijuan,Walker,592836,31864
Brett,Wallace,477165,30174
Chad,Wallach,595453,33678
Forrest,Wall,657088,33726
Josh,Wall,476205,32039
Taylor,Walls,670764,40576
Colin,Walsh,595023,34296
Jared,Walsh,665120,35673
P.J.,Walters,502208,29701
Zach,Walters,595025,31199
Chien-Ming,Wang,425426,6209
Wei-Chung,Wang,623913,33117
Drew,Ward,608380,33744
Taylor,Ward,621493,34923
Adam,Warren,476589,31101
Art,Warren,605521,
Drew,Waters,671221,41076
Spenser,Watkins,657093,
Tony,Watson,453265,31513
Ryan,Weathers,677960,41178
Jered,Weaver,450308,6479
Luke,Weaver,596133,33770
Brandon,Webb,425630,5455
Daniel,Webb,543900,31733
Jacob,Webb,657097,40384
Logan,Webb,657277,41216
Ryan,Webb,444436,30032
Tyler,Webb,643778,33778
Ryan,Weber,543901,33563
Allen,Webster,543903,31119
Jemile,Weeks,457789,30035
Rickie,Weeks,430001,5652
Kyle,Weiland,475095,30521
Colton,Welker,666213,36464
Casper,Wells,489413,30069
Randy,Wells,448694,28943
Tyler,Wells,669330,
Vernon,Wells,150484,4166
J.B.,Wendelken,605525,34853
Joey,Wendle,621563,33017
Jayson,Werth,150029,4262
Jake,Westbrook,150414,4422
Ryan,Wheeler,572253,30758
Zack,Wheeler,554430,31267
Alex,White,502229,30446
Eli,White,642201,
Evan,White,657108,40326
Mitch,White,669952,
Tyler,White,643603,34968
Chase,Whitley,595032,31858
Forrest,Whitley,666215,40915
Garrett,Whitlock,676477,39674
Rowan,Wick,592858,34190
Taylor,Widener,642203,39905
Brad,Wieck,623364,36158
Joe,Wieland,543921,31856
Matt,Wieters,446308,29287
Ty,Wigginton,421064,5176
Tom,Wilhelmsen,452666,31517
Aaron,Wilkerson,658792,36001
Steve,Wilkerson,592859,35076
Devin,Williams,642207,
Dontrelle,Willis,425883,5470
Jerome,Williams,425532,5026
Josh,Willingham,425545,6024
Justin,Williams,642211,33862
Luke,Williams,663897,
Mason,Williams,592863,31848
Mac,Williamson,607776,32765
Nick,Williams,608384,33266
Taylor,Williams,592865,
Trevor,Williams,592866,33305
Alex,Wilson,543935,31557
Bobby,Wilson,435064,29115
Brian,Wilson,451216,6521
Bryse,Wilson,669060,40922
C.J.,Wilson,450351,6311
Justin,Wilson,458677,31026
Trey,Wingenter,622259,42218
Jesse,Winker,608385,32833
Dan,Winkler,595465,33425
Patrick,Wisdom,621550,32861
DeWayne,Wise,276547,4281
Matt,Wisler,605538,32802
Bobby,Witt Jr.,677951,42403
Nick,Wittgren,621295,33267
Asher,Wojciechowski,592879,31734
Randy,Wolf,150116,4087
Tony,Wolters,547172,31844
Kean,Wong,642221,
Kolten,Wong,543939,32061
Alex,Wood,622072,32620
Blake,Wood,502028,30392
Brandon,Wood,457420,28645
Jake,Woodford,663765,
Hunter,Wood,621056,36062
Kerry,Wood,134268,3821
Brandon,Woodruff,605540,37515
Tim,Wood,445971,30048
Travis,Wood,475243,30515
Brandon,Workman,519443,32973
Vance,Worley,474699,30943
Danny,Worth,519445,29067
David,Wright,431151,6035
Jamey,Wright,124604,3489
Kyle,Wright,657140,39652
Mike,Wright,605541,32291
Steven,Wright,453214,32587
Wesley,Wright,449079,28940
Austin,Wynns,642851,35314
Jimmy,Yacabonis,642231,36628
Shun,Yamaguchi,685493,
Jordan,Yamamoto,657141,39890
Ryan,Yarbrough,642232,33735
Mike,Yastrzemski,573262,33341
Kirby,Yates,489446,32623
Christian,Yelich,592885,31283
Juan,Yepez,660766,4895558
Gabriel,Ynoa,593679,33651
Huascar,Ynoa,660623,39679
Kevin,Youkilis,425903,5375
Alex,Young,622065,34972
Andy,Young,670370,
Chris,Young,432934,6073
Chris,Young,455759,6514
Delmon,Young,430321,6138
Eric,Young Jr.,458913,29759
Matt,Young,457568,30550
Michael,Young,276545,4566
Mark,Zagunis,657145,33887
Carlos,Zambrano,407296,4499
Seby,Zavala,664874,
Brad,Ziegler,446899,29147
Bradley,Zimmer,605548,33713
Bruce,Zimmermann,669145,41118
Jordan,Zimmermann,519455,30209
Kyle,Zimmer,622092,32689
Ryan,Zimmerman,475582,6389
Barry,Zito,217096,4233
Ben,Zobrist,450314,28536
Tyler,Zuber,676604,42596
Mike,Zunino,572287,32657
Tony,Zych,543964,32182
Last,Player,,
